1Numero12345, Adrian Supersaiyan, Actor, Documental, 4500.0, 1255.25
614894fefc13ae6e0e01931f, Albert Meharg, Especialista CGI, Pelicula, 8725.57, 4471.68
614894fefc13ae6e0e019320, Jordan Calloway, Especialista CGI, Videojuego, 1259.79, 7500.5
614894fefc13ae6e0e019321, Miller Geraudy, Director, Videojuego, 6620.51, 3602.69
614894fefc13ae6e0e019322, Duff Guyers, Especialista CGI, Pelicula, 6891.82, 8443.99
614894fefc13ae6e0e019323, Kathlin Hamflett, Asistentes, Documental, 1341.36, 2591.61
614894fefc13ae6e0e019324, Filip Brisland, Vestuarista, Corto Animación, 5985.22, 6702.39
614894fefc13ae6e0e019325, Roana Glacken, Especialista CGI, Videojuego, 2524.23, 5917.22
614894fefc13ae6e0e019326, Ricki Challenor, Maquillador, Pelicula, 4937.25, 5956.31
614894fefc13ae6e0e019327, Hayley Catanheira, Productor, Corto Animación, 3344.48, 9238.76
614894fefc13ae6e0e019328, Adina Attoe, Asistentes, Videojuego, 9711.6, 9549.42
614894fefc13ae6e0e019329, Hall Machen, Asistentes, Pelicula, 9405.29, 4554.64
614894fefc13ae6e0e01932a, Skell Dunham, Maquillador, Corto Animación, 8289.4, 7380.13
614894fefc13ae6e0e01932b, Valencia Tredinnick, Vestuarista, Documental, 1688.75, 3099.87
614894fefc13ae6e0e01932c, Lindsey McCraw, Productor, Documental, 9682.96, 1062.26
614894fefc13ae6e0e01932d, Morten Foucar, Productor, Pelicula, 3398.14, 4731.27
614894fefc13ae6e0e01932e, Lib Zanolli, Asistentes, Corto Animación, 2615.45, 7428.2
614894fefc13ae6e0e01932f, Alphonso Jefford, Productor, Documental, 9170.24, 5905.73
614894fefc13ae6e0e019330, Shannen Starton, Productor, Serie, 1494.11, 3363.12
614894fefc13ae6e0e019331, Blake Gergher, Especialista CGI, Serie, 9734.06, 7600.31
614894fefc13ae6e0e019332, Tabbie Brawson, Asistentes, Corto Animación, 9400.36, 4637.92
614894fefc13ae6e0e019333, Kort Baynton, Director, Pelicula, 7570.0, 7580.02
614894fefc13ae6e0e019334, Bax Posten, Productor, Pelicula, 5684.29, 8428.18
614894fefc13ae6e0e019335, Reiko Shawl, Director, Serie, 1276.94, 5569.76
614894fefc13ae6e0e019336, Kitti Small, Vestuarista, Videojuego, 9476.91, 9302.43
614894fefc13ae6e0e019337, Diena Renol, Productor, Videojuego, 5476.89, 1926.73
614894fefc13ae6e0e019338, Ailbert St. Louis, Vestuarista, Videojuego, 4170.71, 2386.01
614894fefc13ae6e0e019339, Clayton Brende, Vestuarista, Documental, 3435.17, 5740.8
614894fefc13ae6e0e01933a, Jackqueline Thompkins, Vestuarista, Documental, 1726.31, 3391.27
614894fefc13ae6e0e01933b, Kit McLardie, Especialista CGI, Serie, 8197.66, 9790.58
614894fefc13ae6e0e01933c, Lynna Daborn, Vestuarista, Serie, 6227.87, 6462.6
614894fefc13ae6e0e01933d, Jeno Ithell, Especialista CGI, Serie, 3826.79, 8399.15
614894fefc13ae6e0e01933e, Dale Markwell, Especialista CGI, Documental, 3513.54, 6947.77
614894fefc13ae6e0e01933f, Noby Dicky, Vestuarista, Serie, 8083.07, 6789.9
614894fefc13ae6e0e019340, Isidoro Abbett, Especialista CGI, Documental, 3466.81, 4743.59
614894fefc13ae6e0e019341, Dollie Hulance, Asistentes, Serie, 1890.07, 8930.78
614894fefc13ae6e0e019342, Brynna Gavaghan, Director, Serie, 4642.02, 2120.52
614894fefc13ae6e0e019343, Vivyanne Langfield, Vestuarista, Pelicula, 9808.2, 1899.79
614894fefc13ae6e0e019344, Olav Collin, Vestuarista, Videojuego, 5573.39, 9035.79
614894fefc13ae6e0e019345, Aubert Shelley, Productor, Corto Animación, 1907.63, 4490.95
614894fefc13ae6e0e019346, Fulton Summerlee, Maquillador, Corto Animación, 1122.5, 4056.66
614894fefc13ae6e0e019347, Hershel Haggerston, Asistentes, Corto Animación, 3039.0, 5096.79
614894fefc13ae6e0e019348, Emmie Tankus, Vestuarista, Pelicula, 7364.96, 2291.22
614894fefc13ae6e0e019349, Lorinda Tregenna, Maquillador, Documental, 9785.89, 9857.75
614894fefc13ae6e0e01934a, Corilla Jellybrand, Productor, Corto Animación, 4703.86, 1803.21
614894fefc13ae6e0e01934b, Rolf Matherson, Asistentes, Corto Animación, 4256.41, 2450.73
614894fefc13ae6e0e01934c, Alair Heball, Productor, Documental, 8536.79, 6803.58
614894fefc13ae6e0e01934d, Dicky Neeves, Actor, Documental, 4610.47, 4991.83
614894fefc13ae6e0e01934e, Ursala Forrest, Vestuarista, Serie, 9658.28, 9315.29
614894fefc13ae6e0e01934f, Francklyn Dockrill, Asistentes, Serie, 9899.44, 3542.12
614894fefc13ae6e0e019350, Westbrook Moxted, Vestuarista, Pelicula, 2724.49, 2751.47
614894fefc13ae6e0e019351, Tobias Knight, Maquillador, Pelicula, 2583.75, 2220.52
614894fefc13ae6e0e019352, Cheslie Sherred, Maquillador, Serie, 4371.54, 5456.4
614894fefc13ae6e0e019353, Whitney Gosney, Maquillador, Corto Animación, 5060.38, 9634.52
614894fefc13ae6e0e019354, Lionel Bleas, Productor, Documental, 5518.18, 6501.49
614894fefc13ae6e0e019355, Mead Aldham, Vestuarista, Pelicula, 4803.06, 3484.43
614894fefc13ae6e0e019356, Deborah MacCafferty, Director, Corto Animación, 2776.63, 4012.74
614894fefc13ae6e0e019357, Aurie Gypson, Productor, Documental, 4884.15, 8773.52
614894fefc13ae6e0e019358, Rossie Simoni, Vestuarista, Corto Animación, 2731.85, 5464.49
614894fefc13ae6e0e019359, Willyt McPhaden, Maquillador, Serie, 6951.21, 5781.52
614894fefc13ae6e0e01935a, Brew Duesbury, Especialista CGI, Corto Animación, 4542.4, 7680.5
614894fefc13ae6e0e01935b, Brandtr Sifflett, Asistentes, Documental, 9556.27, 7375.84
614894fefc13ae6e0e01935c, Jerry Chilvers, Maquillador, Corto Animación, 1193.91, 7588.63
614894fefc13ae6e0e01935d, Eduardo Newcombe, Productor, Videojuego, 7557.15, 8059.92
614894fefc13ae6e0e01935e, Fidelio Ceschini, Maquillador, Serie, 1747.83, 2038.56
614894fefc13ae6e0e01935f, Randi Mussared, Actor, Videojuego, 3992.38, 1564.38
614894fefc13ae6e0e019360, Fraze MacElholm, Vestuarista, Videojuego, 9997.67, 7129.69
614894fefc13ae6e0e019361, Linn Threadgould, Productor, Serie, 5941.41, 5507.97
614894fefc13ae6e0e019362, Jaymie Mattielli, Director, Videojuego, 5324.76, 6089.82
614894fefc13ae6e0e019363, Hanni Sanchiz, Especialista CGI, Serie, 8089.79, 5445.15
614894fefc13ae6e0e019364, Baxter Frandsen, Productor, Documental, 7429.42, 9567.69
614894fefc13ae6e0e019365, Katharyn Brotherhed, Productor, Videojuego, 1854.71, 2885.53
614894fefc13ae6e0e019366, Nikita Sitlinton, Vestuarista, Videojuego, 8479.12, 6228.92
614894fefc13ae6e0e019367, Jarret Olenichev, Maquillador, Serie, 5186.92, 6472.91
614894fefc13ae6e0e019368, Cathryn Brastead, Especialista CGI, Serie, 5809.76, 9037.96
614894fefc13ae6e0e019369, Reamonn Yegoshin, Especialista CGI, Videojuego, 7264.79, 4419.94
614894fefc13ae6e0e01936a, Winfield Bortolutti, Director, Pelicula, 3847.58, 8424.75
614894fefc13ae6e0e01936b, Blancha Oleshunin, Vestuarista, Videojuego, 3809.32, 2418.56
614894fefc13ae6e0e01936c, Hayley Hudspeth, Productor, Documental, 7183.53, 2976.1
614894fefc13ae6e0e01936d, Benedict Jewson, Productor, Pelicula, 6415.71, 1130.13
614894fefc13ae6e0e01936e, Darla Fairclough, Productor, Serie, 8316.32, 7109.2
614894fefc13ae6e0e01936f, Wolfgang Corrado, Productor, Corto Animación, 8902.73, 6960.99
614894fefc13ae6e0e019370, Rachele McClarence, Vestuarista, Documental, 2909.96, 3907.18
614894fefc13ae6e0e019371, Shara Clapperton, Productor, Serie, 5020.61, 6598.01
614894fefc13ae6e0e019372, Edwina Berndtsson, Maquillador, Corto Animación, 4749.59, 2010.97
614894fefc13ae6e0e019373, Matilda Oldmeadow, Especialista CGI, Corto Animación, 1509.29, 8261.09
614894fefc13ae6e0e019374, Viviyan Brimblecomb, Director, Serie, 5118.81, 6469.97
614894fefc13ae6e0e019375, Frances Janaud, Actor, Documental, 8646.42, 5650.39
614894fefc13ae6e0e019376, Emmott Wyant, Maquillador, Corto Animación, 5656.8, 2423.68
614894fefc13ae6e0e019377, Ricky Redler, Especialista CGI, Videojuego, 1963.14, 8969.78
614894fefc13ae6e0e019378, Robyn Dudill, Productor, Documental, 6151.62, 1462.47
614894fefc13ae6e0e019379, Dion Andersson, Director, Corto Animación, 6428.78, 6349.99
614894fefc13ae6e0e01937a, Kennith Steanyng, Vestuarista, Serie, 2574.5, 6832.8
614894fefc13ae6e0e01937b, Beverly Roy, Actor, Pelicula, 1693.47, 8517.31
614894fffc13ae6e0e01937c, Deanne Benck, Vestuarista, Serie, 1458.28, 9763.96
614894fffc13ae6e0e01937d, Noak Caird, Director, Corto Animación, 6661.83, 3034.55
614894fffc13ae6e0e01937e, Eldin Rambadt, Maquillador, Documental, 7370.65, 8117.89
614894fffc13ae6e0e01937f, Lauretta Bullin, Actor, Videojuego, 9062.69, 4515.33
614894fffc13ae6e0e019380, Wendall Hebblethwaite, Director, Pelicula, 3474.26, 5251.6
614894fffc13ae6e0e019381, Margy McGibbon, Especialista CGI, Corto Animación, 9491.08, 9232.64
614894fffc13ae6e0e019382, Stanislaw Kuhlen, Vestuarista, Corto Animación, 8109.18, 6435.54
614894fffc13ae6e0e019383, Bondy Bardsley, Especialista CGI, Serie, 2663.98, 2325.98
614894fffc13ae6e0e019384, Pegeen Salkeld, Maquillador, Serie, 7002.64, 4970.04
614894fffc13ae6e0e019385, Halley Usmar, Maquillador, Pelicula, 8668.21, 3827.92
614894fffc13ae6e0e019386, Reagen Jurca, Productor, Pelicula, 7906.51, 4985.95
614894fffc13ae6e0e019387, Dukey Divina, Director, Serie, 6485.93, 1626.09
614894fffc13ae6e0e019388, Bobby Aughtie, Director, Documental, 9085.69, 4921.5
614894fffc13ae6e0e019389, Abraham Bradnocke, Asistentes, Documental, 4894.44, 9565.27
614894fffc13ae6e0e01938a, Rosalinde Giannasi, Vestuarista, Videojuego, 7076.27, 4395.05
614894fffc13ae6e0e01938b, Jolee Oldfield, Vestuarista, Corto Animación, 6403.49, 8423.21
614894fffc13ae6e0e01938c, Michal Killimister, Especialista CGI, Documental, 7331.97, 8957.59
614894fffc13ae6e0e01938d, Haslett Wermerling, Vestuarista, Videojuego, 9535.96, 1708.28
614894fffc13ae6e0e01938e, Arlee Oliphant, Productor, Videojuego, 9338.6, 4875.55
614894fffc13ae6e0e01938f, Vito Gillean, Maquillador, Documental, 2662.96, 5039.03
614894fffc13ae6e0e019390, Joela Pattini, Actor, Pelicula, 7945.71, 4653.12
614894fffc13ae6e0e019391, Celeste Packe, Actor, Serie, 1159.34, 6540.79
614894fffc13ae6e0e019392, Marys Cornill, Maquillador, Serie, 8070.91, 1455.68
614894fffc13ae6e0e019393, Byrom Mennithorp, Especialista CGI, Documental, 7818.66, 5159.23
614894fffc13ae6e0e019394, Tann Eyer, Especialista CGI, Serie, 6959.36, 8377.82
614894fffc13ae6e0e019395, Nicolette Gaye, Vestuarista, Pelicula, 9582.2, 7975.15
614894fffc13ae6e0e019396, Yancey Rubin, Director, Documental, 5110.95, 2673.59
614894fffc13ae6e0e019397, Elyssa Tincknell, Asistentes, Documental, 4942.88, 3839.44
614894fffc13ae6e0e019398, Rhianon Maskrey, Maquillador, Corto Animación, 6718.24, 7428.53
614894fffc13ae6e0e019399, Clint Lambotin, Especialista CGI, Corto Animación, 4710.23, 8625.59
614894fffc13ae6e0e01939a, Kerrin Begin, Maquillador, Pelicula, 7068.12, 9228.03
614894fffc13ae6e0e01939b, Jerrold Stittle, Especialista CGI, Corto Animación, 2196.81, 6372.07
614894fffc13ae6e0e01939c, Leonerd Mityukov, Director, Serie, 8552.79, 4819.71
614894fffc13ae6e0e01939d, Nanette Micheau, Vestuarista, Serie, 7284.58, 1664.9
614894fffc13ae6e0e01939e, Chiarra Purvey, Actor, Corto Animación, 9217.57, 4073.78
614894fffc13ae6e0e01939f, Melitta Feast, Productor, Pelicula, 7428.36, 9689.21
614894fffc13ae6e0e0193a0, Joel Nunn, Productor, Serie, 2999.04, 8927.67
614894fffc13ae6e0e0193a1, Sanford Pick, Productor, Documental, 1884.12, 2290.9
614894fffc13ae6e0e0193a2, Consuela Ackland, Director, Videojuego, 9466.52, 2056.25
614894fffc13ae6e0e0193a3, Forester Thrift, Especialista CGI, Corto Animación, 4048.44, 7688.22
614894fffc13ae6e0e0193a4, Fredericka Coolson, Maquillador, Serie, 5720.37, 5311.22
614894fffc13ae6e0e0193a5, Ericha Kindell, Director, Serie, 9103.36, 8811.15
614894fffc13ae6e0e0193a6, Roley Colegrove, Maquillador, Documental, 2099.26, 6256.1
614894fffc13ae6e0e0193a7, Shandra Lodevick, Actor, Serie, 8295.82, 7449.1
614894fffc13ae6e0e0193a8, Virgil Cortez, Vestuarista, Corto Animación, 1800.87, 6610.54
614894fffc13ae6e0e0193a9, Kimmi Crebo, Maquillador, Documental, 2711.48, 6197.6
614894fffc13ae6e0e0193aa, Sandy Skamell, Actor, Corto Animación, 1761.66, 4009.78
614894fffc13ae6e0e0193ab, Marilee Crichten, Maquillador, Videojuego, 6538.85, 6083.11
614894fffc13ae6e0e0193ac, Shaw Aylesbury, Productor, Serie, 3732.42, 8524.87
614894fffc13ae6e0e0193ad, Ciel Diggar, Especialista CGI, Pelicula, 9511.22, 8416.99
614894fffc13ae6e0e0193ae, Reta Martugin, Asistentes, Documental, 8195.04, 1539.66
614894fffc13ae6e0e0193af, Mead Shaw, Asistentes, Corto Animación, 4437.29, 1575.38
614894fffc13ae6e0e0193b0, Adrea Brumby, Director, Pelicula, 2367.11, 2842.85
614894fffc13ae6e0e0193b1, Allyn Gamwell, Asistentes, Serie, 5768.83, 7917.51
614894fffc13ae6e0e0193b2, Jolie Pettit, Especialista CGI, Corto Animación, 4896.1, 8759.47
614894fffc13ae6e0e0193b3, Jobyna Titcombe, Asistentes, Videojuego, 1702.24, 4166.24
614894fffc13ae6e0e0193b4, Andie Livesey, Asistentes, Documental, 6525.6, 2821.64
614894fffc13ae6e0e0193b5, Wynn Minichillo, Productor, Videojuego, 4215.76, 1730.73
614894fffc13ae6e0e0193b6, Rea Arrol, Maquillador, Serie, 3688.18, 1515.74
614894fffc13ae6e0e0193b7, Lidia Beggin, Asistentes, Pelicula, 7908.69, 4783.9
614894fffc13ae6e0e0193b8, Joli Kingshott, Maquillador, Serie, 2624.46, 1588.45
614894fffc13ae6e0e0193b9, Ryley Biggs, Vestuarista, Corto Animación, 8623.09, 6104.55
614894fffc13ae6e0e0193ba, Ransom Coggings, Director, Videojuego, 5727.02, 4614.86
614894fffc13ae6e0e0193bb, Loy Eden, Director, Serie, 1502.65, 4867.38
614894fffc13ae6e0e0193bc, Rossie Elgram, Asistentes, Videojuego, 5802.1, 9822.18
614894fffc13ae6e0e0193bd, Eyde Florey, Vestuarista, Videojuego, 2464.87, 4605.06
614894fffc13ae6e0e0193be, Karol Osgerby, Productor, Serie, 6077.31, 5866.67
614894fffc13ae6e0e0193bf, Cirilo Ramsbottom, Asistentes, Serie, 3496.36, 8856.23
614894fffc13ae6e0e0193c0, Damon Rilings, Productor, Serie, 3614.65, 8743.38
614894fffc13ae6e0e0193c1, Jarib Shrimpling, Vestuarista, Documental, 8268.27, 5883.81
614894fffc13ae6e0e0193c2, Cirillo Coggings, Vestuarista, Pelicula, 4264.99, 3178.39
614894fffc13ae6e0e0193c3, Debi Denver, Productor, Pelicula, 7409.2, 7708.47
614894fffc13ae6e0e0193c4, Kippie Hannis, Maquillador, Videojuego, 1454.37, 1967.5
614894fffc13ae6e0e0193c5, Toby Cheine, Director, Corto Animación, 7007.28, 1652.76
614894fffc13ae6e0e0193c6, Jude Domenici, Director, Corto Animación, 6929.58, 3755.8
614894fffc13ae6e0e0193c7, Jordan Nevet, Actor, Videojuego, 3115.55, 2861.38
614894fffc13ae6e0e0193c8, Carlin Rockcliffe, Director, Pelicula, 3222.51, 2222.77
614894fffc13ae6e0e0193c9, Alix McLarty, Productor, Pelicula, 2047.57, 3466.82
614894fffc13ae6e0e0193ca, Pooh Dennison, Director, Corto Animación, 4706.72, 8344.27
614894fffc13ae6e0e0193cb, Elden Buddell, Maquillador, Videojuego, 2464.33, 7202.78
614894fffc13ae6e0e0193cc, Neddy Cafferty, Especialista CGI, Pelicula, 2467.88, 2676.19
614894fffc13ae6e0e0193cd, Artemus Bertin, Productor, Corto Animación, 9105.1, 8129.44
614894fffc13ae6e0e0193ce, Valli Stothard, Director, Pelicula, 7674.7, 5381.83
614894fffc13ae6e0e0193cf, Nicky Cotman, Asistentes, Documental, 5441.6, 9294.14
614894fffc13ae6e0e0193d0, Brock Claringbold, Director, Documental, 9125.66, 5078.8
614894fffc13ae6e0e0193d1, Tobin McKerley, Maquillador, Corto Animación, 6724.56, 8832.4
614894fffc13ae6e0e0193d2, Bradly Barrington, Vestuarista, Corto Animación, 8131.84, 9764.27
614894fffc13ae6e0e0193d3, Lilian Neligan, Vestuarista, Pelicula, 4839.36, 9725.34
614894fffc13ae6e0e0193d4, Francine Cuskery, Asistentes, Videojuego, 8774.46, 5292.64
614894fffc13ae6e0e0193d5, Conway Norgan, Asistentes, Pelicula, 1410.1, 2369.05
614894fffc13ae6e0e0193d6, Gray Simkin, Vestuarista, Corto Animación, 5347.79, 1079.89
614894fffc13ae6e0e0193d7, Hammad Rozycki, Vestuarista, Pelicula, 7618.41, 2114.14
614894fffc13ae6e0e0193d8, Svend Plank, Maquillador, Videojuego, 9536.82, 3180.37
614894fffc13ae6e0e0193d9, Shirlee Instrell, Especialista CGI, Corto Animación, 9542.01, 6539.92
614894fffc13ae6e0e0193da, Brnaba Scholler, Asistentes, Documental, 5747.15, 5628.55
614894fffc13ae6e0e0193db, Papageno Stirzaker, Director, Pelicula, 8986.1, 9904.08
614894fffc13ae6e0e0193dc, Caritta Gillaspy, Maquillador, Corto Animación, 1525.67, 2616.78
614894fffc13ae6e0e0193dd, Basil Perazzo, Especialista CGI, Serie, 7810.29, 5509.25
614894fffc13ae6e0e0193de, Dilly Ballston, Productor, Documental, 7790.8, 3846.59
614894fffc13ae6e0e0193df, Cris Mundie, Actor, Corto Animación, 9054.61, 7808.36
614894fffc13ae6e0e0193e0, Krishnah Riggey, Especialista CGI, Corto Animación, 5731.98, 5824.05
614894fffc13ae6e0e0193e1, Philly Radwell, Asistentes, Serie, 4013.22, 2670.58
614894fffc13ae6e0e0193e2, Marji Sparling, Director, Serie, 7598.45, 5483.2
614894fffc13ae6e0e0193e3, Lonna Ahren, Director, Serie, 6579.02, 6453.76
614894fffc13ae6e0e0193e4, Abbey Kuzma, Maquillador, Corto Animación, 5023.21, 5937.93
614894fffc13ae6e0e0193e5, Margret Meads, Director, Documental, 1402.19, 3471.35
614894fffc13ae6e0e0193e6, Chelsie Mathevon, Actor, Serie, 7222.47, 6370.93
614894fffc13ae6e0e0193e7, Fair Vasilik, Asistentes, Videojuego, 1598.39, 7886.97
614894fffc13ae6e0e0193e8, Saw Goulstone, Asistentes, Documental, 5835.41, 6277.58
614894fffc13ae6e0e0193e9, Kati Corking, Actor, Pelicula, 6370.38, 5373.1
614894fffc13ae6e0e0193ea, Adelina Camies, Maquillador, Serie, 3482.28, 3620.91
614894fffc13ae6e0e0193eb, Demott Fernie, Vestuarista, Serie, 4010.02, 8896.47
614894fffc13ae6e0e0193ec, Steward Seczyk, Productor, Documental, 2448.52, 8509.26
614894fffc13ae6e0e0193ed, Tadio O'Hartigan, Director, Corto Animación, 1456.03, 8127.81
614894fffc13ae6e0e0193ee, Petr Chsteney, Vestuarista, Videojuego, 4749.25, 6690.09
614894fffc13ae6e0e0193ef, Lucila Allmark, Asistentes, Pelicula, 4583.67, 7824.22
614894fffc13ae6e0e0193f0, Nananne Kelley, Director, Pelicula, 2448.36, 6610.41
614894fffc13ae6e0e0193f1, Madella Hamberston, Productor, Videojuego, 1260.77, 4396.08
614894fffc13ae6e0e0193f2, Maxim De Brett, Especialista CGI, Corto Animación, 3037.63, 7045.43
614894fffc13ae6e0e0193f3, Alvera Barok, Director, Documental, 9708.45, 4389.18
614894fffc13ae6e0e0193f4, Sarena Frude, Asistentes, Serie, 7603.9, 9795.5
614894fffc13ae6e0e0193f5, Arlinda Gibbens, Vestuarista, Documental, 2906.92, 3851.23
614894fffc13ae6e0e0193f6, Griffin Gehrtz, Productor, Corto Animación, 9179.89, 3533.54
614894fffc13ae6e0e0193f7, Tiff Merricks, Especialista CGI, Serie, 2970.17, 1324.56
614894fffc13ae6e0e0193f8, Boony Alvey, Maquillador, Serie, 9289.9, 7127.96
614894fffc13ae6e0e0193f9, Raquel Ceschelli, Asistentes, Corto Animación, 6838.22, 3425.02
614894fffc13ae6e0e0193fa, Glynn Frankland, Actor, Videojuego, 2266.21, 8869.39
614894fffc13ae6e0e0193fb, Ernest Bartali, Maquillador, Corto Animación, 6005.99, 6525.71
614894fffc13ae6e0e0193fc, Wright Rothschild, Actor, Documental, 1727.29, 2694.04
614894fffc13ae6e0e0193fd, Erica Crighten, Vestuarista, Pelicula, 4670.6, 4661.7
614894fffc13ae6e0e0193fe, Juli Hallin, Vestuarista, Videojuego, 7187.44, 5606.24
614894fffc13ae6e0e0193ff, Fulvia Houseley, Vestuarista, Videojuego, 8317.96, 8332.17
614894fffc13ae6e0e019400, Pierce Simnor, Especialista CGI, Serie, 3350.75, 9344.74
614894fffc13ae6e0e019401, Rachel Manby, Vestuarista, Documental, 1707.66, 6764.43
614894fffc13ae6e0e019402, Britni Olivie, Productor, Videojuego, 5647.47, 5866.76
614894fffc13ae6e0e019403, Estell Reckhouse, Productor, Serie, 1990.12, 9485.32
614894fffc13ae6e0e019404, Nannie Mathivat, Maquillador, Documental, 2875.21, 5332.19
614894fffc13ae6e0e019405, Gustavus Iacovino, Especialista CGI, Documental, 6854.56, 1481.12
614894fffc13ae6e0e019406, Mikaela Clipsham, Asistentes, Serie, 8001.4, 9525.61
614894fffc13ae6e0e019407, Townsend Burrus, Especialista CGI, Corto Animación, 6230.26, 7218.61
614894fffc13ae6e0e019408, Joella Abernethy, Especialista CGI, Documental, 4897.93, 4077.27
614894fffc13ae6e0e019409, Carol Regardsoe, Director, Documental, 9393.32, 8736.03
614894fffc13ae6e0e01940a, Valida Landes, Vestuarista, Corto Animación, 7689.96, 9350.11
614894fffc13ae6e0e01940b, Gerrard Coultous, Maquillador, Videojuego, 5120.38, 9591.57
614894fffc13ae6e0e01940c, Marybeth McBean, Actor, Pelicula, 6165.75, 2281.33
614894fffc13ae6e0e01940d, Darda Kyme, Productor, Serie, 9239.24, 5540.57
614894fffc13ae6e0e01940e, Conway Stearn, Productor, Corto Animación, 8606.27, 9042.77
614894fffc13ae6e0e01940f, Pennie Keir, Vestuarista, Pelicula, 5395.61, 7628.49
614894fffc13ae6e0e019410, Antonie Claessens, Productor, Documental, 6612.35, 5164.41
614894fffc13ae6e0e019411, Corabella Calway, Asistentes, Documental, 3071.7, 6444.03
614894fffc13ae6e0e019412, Quint MacCaughen, Productor, Serie, 2360.88, 8423.5
614894fffc13ae6e0e019413, Louisa Henden, Maquillador, Videojuego, 7806.43, 7287.55
614894fffc13ae6e0e019414, Briney Wanden, Maquillador, Serie, 2388.67, 6240.33
614894fffc13ae6e0e019415, Aluino Henriques, Maquillador, Documental, 1169.27, 1181.29
614894fffc13ae6e0e019416, Walden Ciotto, Asistentes, Pelicula, 6661.49, 4264.26
614894fffc13ae6e0e019417, Kora Bowick, Actor, Serie, 1480.31, 3776.66
614894fffc13ae6e0e019418, Arleen Wenderoth, Asistentes, Corto Animación, 6126.93, 1509.46
614894fffc13ae6e0e019419, Sosanna Mackstead, Asistentes, Corto Animación, 4554.78, 7948.58
614894fffc13ae6e0e01941a, Kayla Yakubovich, Productor, Serie, 3797.81, 6640.76
614894fffc13ae6e0e01941b, Elga Whitchurch, Actor, Serie, 4726.96, 7367.4
614894fffc13ae6e0e01941c, Kristopher Delaney, Actor, Documental, 1116.11, 8454.36
614894fffc13ae6e0e01941d, Porter Swinerd, Actor, Corto Animación, 1240.63, 5253.9
614894fffc13ae6e0e01941e, Ofella Beament, Director, Serie, 7017.27, 3685.87
614894fffc13ae6e0e01941f, Minny Peppard, Productor, Documental, 4788.01, 1581.14
614894fffc13ae6e0e019420, Laney Cheak, Especialista CGI, Corto Animación, 7236.28, 5437.16
614894fffc13ae6e0e019421, Charmian Smythe, Asistentes, Pelicula, 1754.05, 2472.77
614894fffc13ae6e0e019422, Florencia Manilove, Actor, Pelicula, 1675.38, 3213.37
614894fffc13ae6e0e019423, Moyna Shinton, Productor, Pelicula, 3180.2, 4603.43
614894fffc13ae6e0e019424, Solly Clissold, Especialista CGI, Videojuego, 7687.62, 1878.58
614894fffc13ae6e0e019425, Edsel Roadknight, Asistentes, Serie, 6752.82, 2778.68
614894fffc13ae6e0e019426, Erroll Kyberd, Maquillador, Documental, 5096.67, 7918.24
614894fffc13ae6e0e019427, Jacintha Cormack, Productor, Documental, 7381.59, 7994.64
614894fffc13ae6e0e019428, Sherline Basler, Especialista CGI, Pelicula, 1390.01, 6326.02
614894fffc13ae6e0e019429, Erica Bickerstaffe, Actor, Documental, 8146.75, 3697.39
614894fffc13ae6e0e01942a, Petronella Notley, Director, Corto Animación, 2112.14, 6990.14
614894fffc13ae6e0e01942b, Lisetta Varty, Especialista CGI, Serie, 6041.74, 1097.1
614894fffc13ae6e0e01942c, Florie Raftery, Productor, Documental, 3683.86, 4299.1
614894fffc13ae6e0e01942d, Lilian Juorio, Asistentes, Videojuego, 2835.33, 6316.86
614894fffc13ae6e0e01942e, Lolly Maher, Productor, Corto Animación, 7469.17, 6100.98
614894fffc13ae6e0e01942f, Therese Cuberley, Asistentes, Corto Animación, 3422.24, 8530.14
614894fffc13ae6e0e019430, Lorene Knapman, Productor, Serie, 6451.16, 5692.01
614894fffc13ae6e0e019431, Emmalyn Ferrar, Asistentes, Videojuego, 6258.19, 5501.04
614894fffc13ae6e0e019432, Brit Gratland, Vestuarista, Videojuego, 1013.15, 4605.75
614894fffc13ae6e0e019433, Junia Kirby, Actor, Corto Animación, 4457.89, 1715.52
614894fffc13ae6e0e019434, Floria Cawston, Asistentes, Videojuego, 1090.28, 1769.27
614894fffc13ae6e0e019435, Ingar Sooper, Productor, Serie, 8596.49, 2911.6
614894fffc13ae6e0e019436, Silvana Gilli, Vestuarista, Corto Animación, 9248.81, 6172.62
614894fffc13ae6e0e019437, Nobe Jeans, Director, Corto Animación, 2445.7, 5115.69
614894fffc13ae6e0e019438, Dacie Jadczak, Especialista CGI, Corto Animación, 6263.92, 6256.63
614894fffc13ae6e0e019439, Hurley Stobbart, Especialista CGI, Serie, 6187.56, 3703.18
614894fffc13ae6e0e01943a, Shelbi Doolan, Director, Videojuego, 2725.61, 8651.27
614894fffc13ae6e0e01943b, Odella Stieger, Vestuarista, Corto Animación, 5736.04, 8223.95
614894fffc13ae6e0e01943c, Karna Shuter, Productor, Corto Animación, 4009.74, 1701.59
614894fffc13ae6e0e01943d, Debra Pavlik, Actor, Corto Animación, 5645.39, 3837.18
614894fffc13ae6e0e01943e, Aveline Songist, Actor, Serie, 8511.08, 9758.63
614894fffc13ae6e0e01943f, Mariele Prince, Vestuarista, Videojuego, 4971.43, 6465.89
614894fffc13ae6e0e019440, Portia Daveridge, Especialista CGI, Pelicula, 5056.67, 5646.75
614894fffc13ae6e0e019441, Valeda Dowse, Director, Corto Animación, 5549.79, 8315.24
614894fffc13ae6e0e019442, Shaughn Ormond, Vestuarista, Corto Animación, 4424.48, 5511.31
614894fffc13ae6e0e019443, Halsy Leigh, Especialista CGI, Documental, 8908.48, 2612.49
614894fffc13ae6e0e019444, Frans Poncet, Especialista CGI, Corto Animación, 8211.73, 9878.18
614894fffc13ae6e0e019445, Bonnibelle Brimelow, Asistentes, Videojuego, 5309.64, 2656.53
614894fffc13ae6e0e019446, Sabine Ganter, Vestuarista, Corto Animación, 7466.82, 1199.41
614894fffc13ae6e0e019447, Reynold Beacon, Especialista CGI, Pelicula, 9960.59, 2468.06
614894fffc13ae6e0e019448, Bekki McNee, Vestuarista, Videojuego, 6079.97, 4024.43
614894fffc13ae6e0e019449, Olvan Doughton, Maquillador, Serie, 7384.49, 2207.74
614894fffc13ae6e0e01944a, Arabella Collyer, Vestuarista, Serie, 7014.3, 4673.41
614894fffc13ae6e0e01944b, Elspeth Leynagh, Maquillador, Documental, 6986.11, 4812.25
614894fffc13ae6e0e01944c, Parsifal Skarr, Asistentes, Videojuego, 5704.5, 6388.42
614894fffc13ae6e0e01944d, Saree Farley, Actor, Corto Animación, 2986.7, 3764.37
614894fffc13ae6e0e01944e, Chelsy Marchand, Especialista CGI, Documental, 9665.74, 4204.31
614894fffc13ae6e0e01944f, Sandye Barsam, Vestuarista, Corto Animación, 8427.98, 8615.86
614894fffc13ae6e0e019450, Nikaniki Pickwell, Director, Serie, 4795.65, 4410.97
614894fffc13ae6e0e019451, Gram Hamflett, Maquillador, Pelicula, 7135.33, 1977.29
614894fffc13ae6e0e019452, Ferdinand Staten, Asistentes, Documental, 9557.33, 5374.62
614894fffc13ae6e0e019453, Zaneta Laurentino, Asistentes, Serie, 9904.38, 9404.83
614894fffc13ae6e0e019454, Mendie Pinkstone, Director, Documental, 8084.65, 1273.98
614894fffc13ae6e0e019455, Leonelle Arangy, Maquillador, Corto Animación, 9699.76, 7537.11
614894fffc13ae6e0e019456, Muhammad Dalgarnocht, Especialista CGI, Corto Animación, 9494.49, 8427.86
614894fffc13ae6e0e019457, Nev Handyside, Productor, Documental, 7967.08, 5686.0
614894fffc13ae6e0e019458, Berri McMurray, Vestuarista, Documental, 5669.2, 1876.73
614894fffc13ae6e0e019459, Lilli Gianiello, Director, Documental, 7805.13, 1947.7
614894fffc13ae6e0e01945a, Ileane Hickisson, Vestuarista, Videojuego, 8639.18, 2664.82
614894fffc13ae6e0e01945b, Lilia Quarless, Vestuarista, Documental, 8246.76, 1161.09
614894fffc13ae6e0e01945c, Hildagarde Hussell, Actor, Serie, 4926.78, 6835.4
614894fffc13ae6e0e01945d, Gael Wilbore, Maquillador, Documental, 9249.46, 1156.76
614894fffc13ae6e0e01945e, Hillary Laborda, Director, Pelicula, 6186.35, 5563.84
614894fffc13ae6e0e01945f, Neal Ramlot, Especialista CGI, Documental, 7971.93, 6336.12
614894fffc13ae6e0e019460, Cyndy Marfe, Asistentes, Corto Animación, 8383.79, 3619.75
614894fffc13ae6e0e019461, Willow Milier, Productor, Pelicula, 4921.8, 5177.46
614894fffc13ae6e0e019462, Friederike Semonin, Director, Videojuego, 5122.88, 3444.73
614894fffc13ae6e0e019463, Yolanthe Beefon, Actor, Serie, 3831.05, 7277.16
614894fffc13ae6e0e019464, Iver Jorin, Director, Corto Animación, 2688.48, 4839.77
614894fffc13ae6e0e019465, Silvain Narducci, Especialista CGI, Serie, 2356.14, 5445.64
614894fffc13ae6e0e019466, Sylas Marmon, Vestuarista, Corto Animación, 6373.74, 9793.86
614894fffc13ae6e0e019467, Ingemar Pygott, Productor, Serie, 3503.07, 5927.17
614894fffc13ae6e0e019468, Elena Haxby, Actor, Documental, 8469.87, 1372.1
614894fffc13ae6e0e019469, Averil Kynan, Vestuarista, Serie, 3199.55, 8664.13
614894fffc13ae6e0e01946a, Cob Pearman, Vestuarista, Corto Animación, 9468.63, 8381.68
614894fffc13ae6e0e01946b, Noreen Jirsa, Director, Videojuego, 4213.91, 1713.38
614894fffc13ae6e0e01946c, Chico Swettenham, Actor, Pelicula, 6676.85, 3367.0
614894fffc13ae6e0e01946d, Yank Lavin, Asistentes, Corto Animación, 4530.96, 9789.73
614894fffc13ae6e0e01946e, Nickolaus Hanhart, Vestuarista, Pelicula, 8560.05, 2027.67
614894fffc13ae6e0e01946f, Kev Gilford, Especialista CGI, Serie, 8585.37, 1831.46
614894fffc13ae6e0e019470, Trista Fackrell, Asistentes, Pelicula, 4357.82, 2574.94
614894fffc13ae6e0e019471, Lee Carnegy, Director, Corto Animación, 8965.85, 4863.69
614894fffc13ae6e0e019472, Dominique Owenson, Especialista CGI, Serie, 2157.96, 2023.08
614894fffc13ae6e0e019473, Dawn Grizard, Productor, Pelicula, 7676.22, 8720.79
614894fffc13ae6e0e019474, Kayla Skene, Director, Pelicula, 5128.68, 3974.13
614894fffc13ae6e0e019475, Charlena Quennell, Especialista CGI, Videojuego, 5090.77, 3166.66
614894fffc13ae6e0e019476, Paxon Pollastrone, Maquillador, Pelicula, 8881.13, 5996.41
614894fffc13ae6e0e019477, Mireielle Samper, Asistentes, Corto Animación, 7664.85, 4567.08
614894fffc13ae6e0e019478, Melinde Troy, Productor, Documental, 5037.07, 6633.99
614894fffc13ae6e0e019479, Tracy Pond, Asistentes, Documental, 4314.8, 4145.31
614894fffc13ae6e0e01947a, Shea Ranshaw, Actor, Corto Animación, 2486.35, 9260.52
614894fffc13ae6e0e01947b, Sebastiano Weatherup, Actor, Documental, 9802.93, 2878.39
614894fffc13ae6e0e01947c, Ruby Dowdle, Actor, Videojuego, 8034.96, 8204.65
614894fffc13ae6e0e01947d, Patty Rounce, Asistentes, Pelicula, 8888.43, 7625.18
614894fffc13ae6e0e01947e, Kaleena Del Dello, Director, Pelicula, 3928.61, 5307.36
614894fffc13ae6e0e01947f, Trish Shipp, Especialista CGI, Videojuego, 3151.25, 5790.92
614894fffc13ae6e0e019480, Maura Screen, Actor, Videojuego, 8578.82, 9165.27
614894fffc13ae6e0e019481, Nerty Westall, Asistentes, Serie, 7249.38, 7139.86
614894fffc13ae6e0e019482, Ricardo Mawdsley, Productor, Pelicula, 7492.75, 9719.56
614894fffc13ae6e0e019483, Ryley Moggach, Maquillador, Serie, 9029.09, 8871.18
614894fffc13ae6e0e019484, Ed Matschke, Productor, Serie, 4355.17, 1666.14
614894fffc13ae6e0e019485, Nita Sorsbie, Especialista CGI, Videojuego, 5426.67, 7056.22
614894fffc13ae6e0e019486, Nicolai Southern, Productor, Corto Animación, 6537.24, 3191.74
614894fffc13ae6e0e019487, Davis Hazelden, Especialista CGI, Videojuego, 8217.84, 2141.04
614894fffc13ae6e0e019488, Hinda Livard, Especialista CGI, Serie, 5663.01, 7880.74
614894fffc13ae6e0e019489, Flora Ohanessian, Productor, Pelicula, 9272.63, 4168.4
614894fffc13ae6e0e01948a, Karisa Yoselevitch, Productor, Pelicula, 3058.27, 1158.97
614894fffc13ae6e0e01948b, Charmian Duckinfield, Productor, Serie, 2985.26, 3135.6
614894fffc13ae6e0e01948c, Bondon Patullo, Director, Videojuego, 4095.99, 8174.04
614894fffc13ae6e0e01948d, Lon Margery, Director, Documental, 2685.41, 2147.0
614894fffc13ae6e0e01948e, Shelby Berney, Vestuarista, Pelicula, 3600.98, 1757.58
614894fffc13ae6e0e01948f, Kerrill Joppich, Actor, Documental, 3319.21, 2034.5
614894fffc13ae6e0e019490, Marissa Margarson, Vestuarista, Corto Animación, 6783.93, 1124.66
614894fffc13ae6e0e019491, Lyndsie MacElholm, Productor, Serie, 8316.31, 2719.09
614894fffc13ae6e0e019492, Colet Daniele, Vestuarista, Corto Animación, 5017.22, 7121.56
614894fffc13ae6e0e019493, Agretha Soreau, Vestuarista, Videojuego, 5149.49, 4237.88
614894fffc13ae6e0e019494, Clim Tertre, Asistentes, Pelicula, 1197.0, 6095.87
61489500fc13ae6e0e019495, Vinny Holmyard, Asistentes, Pelicula, 8470.02, 7156.06
61489500fc13ae6e0e019496, Costa Wickling, Especialista CGI, Documental, 3081.13, 2904.65
61489500fc13ae6e0e019497, Dallas Jacox, Especialista CGI, Videojuego, 4797.62, 1895.6
61489500fc13ae6e0e019498, Julee Sturney, Vestuarista, Serie, 9033.26, 9388.02
61489500fc13ae6e0e019499, Glynnis Avrahamoff, Asistentes, Pelicula, 8212.08, 9832.99
61489500fc13ae6e0e01949a, Courtnay Jenyns, Especialista CGI, Pelicula, 3262.95, 4090.7
61489500fc13ae6e0e01949b, Kip Rennicks, Productor, Documental, 2148.89, 4413.53
61489500fc13ae6e0e01949c, Pedro Malicki, Vestuarista, Serie, 7781.11, 3652.81
61489500fc13ae6e0e01949d, Robinett Devenport, Productor, Serie, 5079.71, 9234.49
61489500fc13ae6e0e01949e, Madlen Conkay, Asistentes, Videojuego, 1665.6, 4078.83
61489500fc13ae6e0e01949f, Odille Klees, Maquillador, Documental, 2785.09, 1324.55
61489500fc13ae6e0e0194a0, Victoria Lello, Asistentes, Videojuego, 6460.87, 3328.26
61489500fc13ae6e0e0194a1, Lucille Iddenden, Productor, Documental, 8655.46, 3068.49
61489500fc13ae6e0e0194a2, Othella Piotr, Director, Videojuego, 2876.33, 2967.08
61489500fc13ae6e0e0194a3, Gibb Lenormand, Maquillador, Serie, 5323.31, 5034.96
61489500fc13ae6e0e0194a4, Berni Ledwidge, Director, Documental, 1073.19, 5141.63
61489500fc13ae6e0e0194a5, Thorn Beecham, Asistentes, Serie, 2024.31, 8729.46
61489500fc13ae6e0e0194a6, Georgia Kembry, Actor, Pelicula, 4623.1, 5958.72
61489500fc13ae6e0e0194a7, Saidee Bourchier, Actor, Serie, 3215.72, 6000.83
61489500fc13ae6e0e0194a8, Caryl Orriss, Productor, Corto Animación, 1223.13, 3364.83
61489500fc13ae6e0e0194a9, Hattie Mattiacci, Especialista CGI, Pelicula, 3307.33, 2023.43
61489500fc13ae6e0e0194aa, Morrie Levis, Productor, Videojuego, 8400.0, 3516.88
61489500fc13ae6e0e0194ab, Ursulina Rominov, Actor, Pelicula, 2467.48, 1567.37
61489500fc13ae6e0e0194ac, Rocky Dumphrey, Especialista CGI, Documental, 4960.93, 5669.57
61489500fc13ae6e0e0194ad, Paddie Shovlar, Maquillador, Videojuego, 5196.34, 5093.51
61489500fc13ae6e0e0194ae, Ade Jacob, Director, Documental, 1091.02, 9795.25
61489500fc13ae6e0e0194af, Konstantin Campes, Vestuarista, Pelicula, 9695.8, 1301.76
61489500fc13ae6e0e0194b0, Ethelda Itzhak, Actor, Corto Animación, 6330.02, 6052.59
61489500fc13ae6e0e0194b1, Ginger Posselt, Especialista CGI, Serie, 1463.81, 8064.97
61489500fc13ae6e0e0194b2, Ruttger Toping, Director, Pelicula, 8134.9, 9576.65
61489500fc13ae6e0e0194b3, Booth Simoes, Director, Documental, 6020.3, 1098.76
61489500fc13ae6e0e0194b4, Harriet Robertz, Director, Documental, 1506.58, 9818.74
61489500fc13ae6e0e0194b5, Obed Billany, Maquillador, Documental, 3249.03, 8432.41
61489500fc13ae6e0e0194b6, Say Weekly, Vestuarista, Videojuego, 3141.03, 9205.72
61489500fc13ae6e0e0194b7, Flemming Fozard, Actor, Videojuego, 9786.39, 8977.99
61489500fc13ae6e0e0194b8, Windy Molyneaux, Especialista CGI, Pelicula, 6381.75, 7096.78
61489500fc13ae6e0e0194b9, Jaquelin Hague, Director, Documental, 1452.42, 1305.48
61489500fc13ae6e0e0194ba, Ulrick Peartree, Maquillador, Pelicula, 7962.31, 2883.15
61489500fc13ae6e0e0194bb, Mercy Missenden, Director, Videojuego, 5347.23, 8602.37
61489500fc13ae6e0e0194bc, Robbin Sprake, Productor, Videojuego, 7846.99, 8020.79
61489500fc13ae6e0e0194bd, Niels Betser, Actor, Corto Animación, 7572.12, 9527.7
61489500fc13ae6e0e0194be, Gibb MacRonald, Director, Pelicula, 2688.15, 6021.48
61489500fc13ae6e0e0194bf, Ole Yansons, Vestuarista, Documental, 1390.0, 3667.15
61489500fc13ae6e0e0194c0, Randi Whittam, Especialista CGI, Corto Animación, 8802.09, 8288.92
61489500fc13ae6e0e0194c1, Thaddus Spinnace, Actor, Serie, 1545.9, 6356.6
61489500fc13ae6e0e0194c2, Mic Quiney, Asistentes, Pelicula, 3284.22, 1702.86
61489500fc13ae6e0e0194c3, Gertrudis Mustin, Productor, Videojuego, 9210.8, 4188.23
61489500fc13ae6e0e0194c4, Dietrich Cawthra, Productor, Documental, 9420.71, 6415.64
61489500fc13ae6e0e0194c5, Consuela Stubs, Especialista CGI, Pelicula, 7037.26, 7133.24
61489500fc13ae6e0e0194c6, Yale Yushmanov, Maquillador, Videojuego, 8364.28, 4564.81
61489500fc13ae6e0e0194c7, Vicki Plumm, Director, Videojuego, 8911.24, 7816.91
61489500fc13ae6e0e0194c8, Talyah McCreedy, Productor, Serie, 3071.89, 9666.83
61489500fc13ae6e0e0194c9, Kaylil Lacoste, Maquillador, Documental, 5146.75, 4721.23
61489500fc13ae6e0e0194ca, Alard Grouse, Asistentes, Videojuego, 1575.47, 3441.82
61489500fc13ae6e0e0194cb, Rosemarie Henrion, Especialista CGI, Pelicula, 4525.55, 7450.36
61489500fc13ae6e0e0194cc, Nicki Antyshev, Asistentes, Corto Animación, 1885.28, 5902.12
61489500fc13ae6e0e0194cd, Xaviera Mc Caughan, Maquillador, Serie, 9192.24, 5209.74
61489500fc13ae6e0e0194ce, Garrik Conwell, Vestuarista, Documental, 3109.75, 3862.57
61489500fc13ae6e0e0194cf, Vita Shilvock, Vestuarista, Serie, 5746.4, 8883.1
61489500fc13ae6e0e0194d0, Kalindi Bamlet, Productor, Corto Animación, 4303.45, 8417.08
61489500fc13ae6e0e0194d1, Gerda Pinnell, Productor, Videojuego, 9974.26, 7977.4
61489500fc13ae6e0e0194d2, Burtie Borsnall, Especialista CGI, Pelicula, 8942.25, 2169.84
61489500fc13ae6e0e0194d3, Deerdre Waddilow, Productor, Serie, 6477.49, 1430.11
61489500fc13ae6e0e0194d4, Jacinthe Thaim, Maquillador, Serie, 6544.45, 9667.59
61489500fc13ae6e0e0194d5, Ivy Baulch, Actor, Documental, 9898.01, 8274.22
61489500fc13ae6e0e0194d6, Hetty Poytheras, Productor, Pelicula, 2246.02, 6840.37
61489500fc13ae6e0e0194d7, Trixy Mohring, Maquillador, Serie, 7431.93, 1619.12
61489500fc13ae6e0e0194d8, Wang Hosier, Especialista CGI, Serie, 3493.68, 1838.04
61489500fc13ae6e0e0194d9, Curran Doncom, Director, Corto Animación, 3916.23, 4652.77
61489500fc13ae6e0e0194da, Ermin Diehn, Maquillador, Videojuego, 1452.46, 3417.8
61489500fc13ae6e0e0194db, Ursuline Decruse, Productor, Pelicula, 8902.02, 2991.35
61489500fc13ae6e0e0194dc, Laurianne Cummungs, Vestuarista, Serie, 8521.57, 2635.22
61489500fc13ae6e0e0194dd, Hasheem Kruse, Especialista CGI, Corto Animación, 4307.83, 4880.55
61489500fc13ae6e0e0194de, Sherill Beeck, Director, Pelicula, 1928.17, 8445.79
61489500fc13ae6e0e0194df, Pierette Skipworth, Actor, Corto Animación, 6844.65, 3065.21
61489500fc13ae6e0e0194e0, Linn Ballister, Vestuarista, Pelicula, 8419.74, 9913.94
61489500fc13ae6e0e0194e1, Leigha Winnister, Actor, Corto Animación, 9294.84, 6568.58
61489500fc13ae6e0e0194e2, Rycca Adamolli, Director, Videojuego, 8977.76, 6434.36
61489500fc13ae6e0e0194e3, Natasha Swiffen, Actor, Serie, 6190.96, 7824.86
61489500fc13ae6e0e0194e4, Ellen Patton, Actor, Documental, 7455.44, 4445.95
61489500fc13ae6e0e0194e5, Laurena Scholig, Asistentes, Pelicula, 5152.92, 6166.38
61489500fc13ae6e0e0194e6, Susanna Peres, Especialista CGI, Corto Animación, 3436.96, 1831.04
61489500fc13ae6e0e0194e7, Coral Prickett, Actor, Documental, 6108.88, 4146.89
61489500fc13ae6e0e0194e8, Marcelo Coronas, Actor, Documental, 1796.23, 6173.91
61489500fc13ae6e0e0194e9, Farra Juster, Asistentes, Documental, 8143.96, 7023.18
61489500fc13ae6e0e0194ea, Farrand Kondrat, Asistentes, Serie, 6231.57, 4486.67
61489500fc13ae6e0e0194eb, Pepito Kitley, Maquillador, Documental, 9913.77, 8584.51
61489500fc13ae6e0e0194ec, Tony Cloney, Actor, Pelicula, 1555.08, 9680.33
61489500fc13ae6e0e0194ed, Harmon Danielot, Director, Pelicula, 3938.87, 8964.39
61489500fc13ae6e0e0194ee, Raffarty Lightbourne, Director, Pelicula, 8349.17, 1902.11
61489500fc13ae6e0e0194ef, Harriett Brand, Especialista CGI, Corto Animación, 2812.57, 9407.5
61489500fc13ae6e0e0194f0, Che Scurlock, Maquillador, Serie, 3943.73, 2835.36
61489500fc13ae6e0e0194f1, Cobby Penke, Maquillador, Documental, 3976.56, 5060.1
61489500fc13ae6e0e0194f2, Marlena Mesias, Director, Serie, 1379.28, 8842.82
61489500fc13ae6e0e0194f3, Aidan Vallentin, Asistentes, Serie, 1339.68, 8716.24
61489500fc13ae6e0e0194f4, Tomasina MacCallion, Especialista CGI, Serie, 9209.97, 3668.91
61489500fc13ae6e0e0194f5, Horatio Matevosian, Especialista CGI, Documental, 9544.57, 3792.84
61489500fc13ae6e0e0194f6, Isobel Davidesco, Maquillador, Serie, 2023.73, 6673.76
61489500fc13ae6e0e0194f7, Joscelin Lorroway, Especialista CGI, Documental, 4355.23, 4306.33
61489500fc13ae6e0e0194f8, Ethe Gentreau, Actor, Videojuego, 5672.81, 4442.4
61489500fc13ae6e0e0194f9, Teddie Colbertson, Asistentes, Serie, 5756.82, 4634.06
61489500fc13ae6e0e0194fa, Moyna Tidgewell, Vestuarista, Pelicula, 5943.66, 4159.74
61489500fc13ae6e0e0194fb, Ron Komorowski, Asistentes, Documental, 2009.98, 8150.48
61489500fc13ae6e0e0194fc, Keary Lyddon, Especialista CGI, Videojuego, 9168.86, 9175.41
61489500fc13ae6e0e0194fd, Biron Picard, Productor, Serie, 1055.32, 1757.03
61489500fc13ae6e0e0194fe, Joanne Willoughley, Maquillador, Corto Animación, 1953.32, 4523.43
61489500fc13ae6e0e0194ff, Merrill Dudley, Director, Serie, 3471.91, 8755.8
61489500fc13ae6e0e019500, Simone Handover, Vestuarista, Corto Animación, 3206.73, 8514.39
61489500fc13ae6e0e019501, Emile Skitch, Asistentes, Pelicula, 8045.56, 9595.2
61489500fc13ae6e0e019502, Phylis Waslin, Especialista CGI, Pelicula, 3340.69, 8371.86
61489500fc13ae6e0e019503, Electra Vokins, Vestuarista, Documental, 3891.91, 3018.35
61489500fc13ae6e0e019504, Alleyn Imason, Director, Pelicula, 6219.9, 9817.27
61489500fc13ae6e0e019505, Vicky Goldhill, Especialista CGI, Documental, 4260.24, 5655.37
61489500fc13ae6e0e019506, Carlina Davidman, Vestuarista, Serie, 5390.85, 6369.32
61489500fc13ae6e0e019507, Chane Raccio, Actor, Documental, 6968.21, 7470.3
61489500fc13ae6e0e019508, Hobey O'Hannigan, Actor, Documental, 8683.31, 6348.64
61489500fc13ae6e0e019509, Candice Whittlesea, Especialista CGI, Videojuego, 2640.22, 4768.09
61489500fc13ae6e0e01950a, Zacherie Gilsthorpe, Productor, Documental, 1349.08, 4682.15
61489500fc13ae6e0e01950b, Killy Matiebe, Director, Corto Animación, 7546.58, 7064.03
61489500fc13ae6e0e01950c, Esdras Pendre, Director, Documental, 8445.06, 6241.5
61489500fc13ae6e0e01950d, Becki Shepheard, Vestuarista, Pelicula, 6563.83, 3275.35
61489500fc13ae6e0e01950e, Gerhard Shay, Director, Serie, 5681.19, 9733.12
61489500fc13ae6e0e01950f, Rozella Josifovitz, Vestuarista, Corto Animación, 8567.23, 8608.42
61489500fc13ae6e0e019510, Dela Guest, Director, Corto Animación, 6088.35, 6827.22
61489500fc13ae6e0e019511, Nehemiah Vautrey, Director, Serie, 1278.94, 4779.51
61489500fc13ae6e0e019512, Meredith Landsborough, Vestuarista, Pelicula, 2648.18, 7891.69
61489500fc13ae6e0e019513, Pam Ranken, Vestuarista, Documental, 9601.47, 4822.69
61489500fc13ae6e0e019514, Malanie Habbershon, Vestuarista, Videojuego, 6118.95, 2970.44
61489500fc13ae6e0e019515, Papageno Tregian, Asistentes, Corto Animación, 8075.92, 4217.24
61489500fc13ae6e0e019516, Oberon Dennidge, Productor, Serie, 4779.88, 5490.21
61489500fc13ae6e0e019517, Jason Grayshan, Maquillador, Documental, 3303.3, 9398.48
61489500fc13ae6e0e019518, Rosaline Beall, Asistentes, Serie, 3686.08, 4728.48
61489500fc13ae6e0e019519, Karna Winslow, Actor, Corto Animación, 2514.14, 5350.72
61489500fc13ae6e0e01951a, Pennie Enrich, Vestuarista, Serie, 1176.71, 3563.52
61489500fc13ae6e0e01951b, Roseann Kewley, Maquillador, Pelicula, 2596.67, 5599.67
61489500fc13ae6e0e01951c, Albertine Duckering, Vestuarista, Serie, 2341.35, 4655.28
61489500fc13ae6e0e01951d, Mendy Bourgour, Especialista CGI, Pelicula, 1172.73, 5868.22
61489500fc13ae6e0e01951e, Christan Fishley, Director, Corto Animación, 5692.29, 2996.25
61489500fc13ae6e0e01951f, Clemmy Kinig, Actor, Corto Animación, 2221.68, 8121.88
61489500fc13ae6e0e019520, Caprice Saltmarshe, Actor, Pelicula, 4920.4, 8893.81
61489500fc13ae6e0e019521, Tanney Sherrard, Director, Videojuego, 1110.36, 2724.74
61489500fc13ae6e0e019522, Aurlie Pomeroy, Maquillador, Videojuego, 1652.06, 9812.03
61489500fc13ae6e0e019523, Corilla MacGillacolm, Maquillador, Pelicula, 9089.25, 1282.87
61489500fc13ae6e0e019524, Andros Ashworth, Actor, Pelicula, 4110.39, 6627.67
61489500fc13ae6e0e019525, Claudelle Roakes, Actor, Documental, 1312.31, 8746.15
61489500fc13ae6e0e019526, Fairleigh Pfeffel, Actor, Videojuego, 3379.1, 3290.3
61489500fc13ae6e0e019527, Wallis Statham, Vestuarista, Pelicula, 2948.39, 9600.04
61489500fc13ae6e0e019528, Humfrey Jaulme, Especialista CGI, Documental, 8455.14, 7444.85
61489500fc13ae6e0e019529, Christiane Kalisch, Asistentes, Documental, 3888.06, 7456.75
61489500fc13ae6e0e01952a, Jo Reeken, Actor, Pelicula, 3516.79, 4112.8
61489500fc13ae6e0e01952b, Nissa Stanyer, Maquillador, Serie, 5015.58, 4351.49
61489500fc13ae6e0e01952c, Stephine Jaggi, Especialista CGI, Documental, 5588.37, 9789.69
61489500fc13ae6e0e01952d, Kimbell Murphy, Especialista CGI, Serie, 3514.39, 7456.56
61489500fc13ae6e0e01952e, Sarena Fawson, Asistentes, Corto Animación, 9343.69, 4767.64
61489500fc13ae6e0e01952f, Josias Falvey, Asistentes, Pelicula, 4602.93, 6536.67
61489500fc13ae6e0e019530, Tiphany Gristhwaite, Productor, Videojuego, 3386.75, 5856.22
61489500fc13ae6e0e019531, Alisha Orrobin, Maquillador, Pelicula, 6745.8, 5891.76
61489500fc13ae6e0e019532, Ronnica Hupe, Vestuarista, Pelicula, 6950.25, 5911.0
61489500fc13ae6e0e019533, Oran Whitfield, Asistentes, Pelicula, 5023.02, 9010.88
61489500fc13ae6e0e019534, Lincoln Seely, Productor, Corto Animación, 6820.42, 8249.8
61489500fc13ae6e0e019535, Roland Thomasson, Asistentes, Serie, 5638.09, 8298.47
61489500fc13ae6e0e019536, Orella De Lasci, Productor, Documental, 5015.8, 6247.68
61489500fc13ae6e0e019537, Shanta Lukacs, Asistentes, Pelicula, 9435.06, 7965.34
61489500fc13ae6e0e019538, Caroljean Sunley, Asistentes, Documental, 4738.92, 1984.2
61489500fc13ae6e0e019539, Catherina Sedgmond, Maquillador, Videojuego, 5503.96, 3399.09
61489500fc13ae6e0e01953a, Umeko Guyton, Productor, Corto Animación, 3326.67, 6372.89
61489500fc13ae6e0e01953b, Husein Ricard, Asistentes, Pelicula, 9005.3, 3086.12
61489500fc13ae6e0e01953c, Frannie Robertelli, Asistentes, Documental, 4574.81, 1941.69
61489500fc13ae6e0e01953d, Daryle Kelly, Director, Serie, 6282.72, 1787.71
61489500fc13ae6e0e01953e, Silvanus Gladbeck, Asistentes, Serie, 2045.36, 1961.99
61489500fc13ae6e0e01953f, Alvera Arnout, Actor, Documental, 9690.07, 7981.65
61489500fc13ae6e0e019540, Finn Follin, Asistentes, Videojuego, 5385.93, 9230.52
61489500fc13ae6e0e019541, Karlik Copner, Asistentes, Serie, 4022.53, 4168.23
61489500fc13ae6e0e019542, Alissa Hanlin, Actor, Documental, 8398.12, 5713.65
61489500fc13ae6e0e019543, Christoforo Jirusek, Director, Documental, 3138.86, 2169.17
61489500fc13ae6e0e019544, Rhianna Garbar, Actor, Documental, 4912.86, 3144.88
61489500fc13ae6e0e019545, Lonnard Rickis, Asistentes, Documental, 6734.6, 3033.16
61489500fc13ae6e0e019546, Yancey Cantua, Asistentes, Videojuego, 4729.12, 2052.83
61489500fc13ae6e0e019547, Cyndy Kryzhov, Asistentes, Documental, 1083.31, 2209.02
61489500fc13ae6e0e019548, Othilia Fink, Actor, Corto Animación, 9199.9, 4775.86
61489500fc13ae6e0e019549, Rana Brilleman, Maquillador, Documental, 9634.57, 2987.68
61489500fc13ae6e0e01954a, Petronella Thay, Director, Documental, 8434.08, 6589.72
61489500fc13ae6e0e01954b, Alden Earnshaw, Vestuarista, Pelicula, 4504.93, 8493.32
61489500fc13ae6e0e01954c, Vannie Belli, Vestuarista, Serie, 1221.55, 9721.0
61489500fc13ae6e0e01954d, Heida Bruckmann, Productor, Corto Animación, 3937.59, 8073.16
61489500fc13ae6e0e01954e, Chelsey Jewiss, Director, Pelicula, 6509.71, 1647.27
61489500fc13ae6e0e01954f, Annice Slite, Actor, Videojuego, 2657.38, 2015.19
61489500fc13ae6e0e019550, Aleece Moakes, Actor, Pelicula, 7458.83, 2010.23
61489500fc13ae6e0e019551, Anderson Dorian, Especialista CGI, Corto Animación, 7197.97, 1477.68
61489500fc13ae6e0e019552, Elvina Creane, Productor, Documental, 5416.85, 8253.81
61489500fc13ae6e0e019553, Rolando Calow, Productor, Corto Animación, 7781.02, 5572.76
61489500fc13ae6e0e019554, Neddie Beevens, Actor, Videojuego, 9628.93, 3290.73
61489500fc13ae6e0e019555, Janka Casserley, Especialista CGI, Pelicula, 9538.67, 4203.09
61489500fc13ae6e0e019556, Jerrie Kiddle, Productor, Documental, 2711.85, 7910.3
61489500fc13ae6e0e019557, Rosmunda Kliche, Productor, Corto Animación, 5829.47, 4389.36
61489500fc13ae6e0e019558, Alfi Smee, Director, Serie, 5000.57, 3358.74
61489500fc13ae6e0e019559, Ansley Looker, Actor, Serie, 3138.79, 5516.3
61489500fc13ae6e0e01955a, Cecile Cornew, Director, Serie, 8379.92, 5688.97
61489500fc13ae6e0e01955b, Gusti Rijkeseis, Especialista CGI, Pelicula, 2622.45, 8801.59
61489500fc13ae6e0e01955c, Bernie Wills, Productor, Corto Animación, 7474.05, 6436.39
61489500fc13ae6e0e01955d, Fionnula Coull, Actor, Documental, 9667.41, 4156.31
61489500fc13ae6e0e01955e, Boy Chapman, Especialista CGI, Serie, 1265.13, 8231.59
61489500fc13ae6e0e01955f, Pamella Tawn, Maquillador, Pelicula, 6016.94, 3948.03
61489500fc13ae6e0e019560, Brodie Jack, Actor, Serie, 4625.1, 6912.82
61489500fc13ae6e0e019561, Dorena Baylis, Especialista CGI, Documental, 5882.92, 5312.8
61489500fc13ae6e0e019562, Mervin Rockey, Productor, Serie, 3139.43, 4069.59
61489500fc13ae6e0e019563, Owen Breedy, Vestuarista, Documental, 2146.8, 8531.23
61489500fc13ae6e0e019564, Vonnie Dunthorn, Director, Corto Animación, 5047.77, 3828.15
61489500fc13ae6e0e019565, Donnie Redding, Actor, Videojuego, 7804.24, 3338.57
61489500fc13ae6e0e019566, Dotti Hunter, Vestuarista, Pelicula, 5879.29, 1411.47
61489500fc13ae6e0e019567, Nanni Bisset, Director, Corto Animación, 5619.76, 4776.38
61489500fc13ae6e0e019568, Octavia Hendrik, Asistentes, Documental, 9197.5, 5706.41
61489500fc13ae6e0e019569, Elicia Agass, Asistentes, Documental, 4388.64, 3587.81
61489500fc13ae6e0e01956a, Dion Fydo, Director, Documental, 7608.37, 8514.8
61489500fc13ae6e0e01956b, Camey Crooks, Actor, Pelicula, 4535.9, 1700.37
61489500fc13ae6e0e01956c, Phyllys Macallam, Productor, Documental, 4273.83, 5610.84
61489500fc13ae6e0e01956d, Lezlie Gallaway, Especialista CGI, Documental, 4769.87, 4969.85
61489500fc13ae6e0e01956e, Gabriela Eard, Maquillador, Corto Animación, 2548.26, 1437.51
61489500fc13ae6e0e01956f, Lilia Elnor, Vestuarista, Documental, 2385.41, 7472.64
61489500fc13ae6e0e019570, Gun Ames, Vestuarista, Pelicula, 9325.84, 5490.85
61489500fc13ae6e0e019571, Carlie O'Lagene, Productor, Videojuego, 5545.21, 4133.3
61489500fc13ae6e0e019572, Alaine Kilius, Director, Pelicula, 4412.79, 1351.73
61489500fc13ae6e0e019573, Kristofer Woehler, Director, Pelicula, 4258.56, 5447.42
61489500fc13ae6e0e019574, Barnett Scranedge, Actor, Corto Animación, 3803.52, 6103.12
61489500fc13ae6e0e019575, Melisa Goodreid, Director, Serie, 8829.98, 1295.02
61489500fc13ae6e0e019576, Michail Reyna, Asistentes, Corto Animación, 9110.92, 1636.11
61489500fc13ae6e0e019577, Petrina Abby, Productor, Corto Animación, 4323.02, 6015.47
61489500fc13ae6e0e019578, Fey Somerbell, Maquillador, Serie, 8123.1, 8268.28
61489500fc13ae6e0e019579, Isidore Spykings, Vestuarista, Videojuego, 8493.39, 7697.41
61489500fc13ae6e0e01957a, Rodie Harvatt, Productor, Pelicula, 3538.99, 5979.63
61489500fc13ae6e0e01957b, Latia McGuirk, Maquillador, Pelicula, 9942.84, 7996.12
61489500fc13ae6e0e01957c, Merci Harrild, Productor, Pelicula, 5797.28, 2686.48
61489500fc13ae6e0e01957d, Hilde Bayford, Especialista CGI, Corto Animación, 3862.37, 1223.78
61489500fc13ae6e0e01957e, Malinde Dory, Asistentes, Videojuego, 9167.14, 5006.88
61489500fc13ae6e0e01957f, Humfried Piche, Actor, Serie, 4601.4, 6440.35
61489500fc13ae6e0e019580, Wade Danick, Actor, Serie, 9244.08, 8542.75
61489500fc13ae6e0e019581, Matteo Hens, Especialista CGI, Pelicula, 9068.35, 8403.73
61489500fc13ae6e0e019582, Pearl Tight, Maquillador, Videojuego, 8870.09, 2688.31
61489500fc13ae6e0e019583, Willi Twaits, Vestuarista, Pelicula, 1818.2, 7043.62
61489500fc13ae6e0e019584, Domingo Heersema, Maquillador, Documental, 3693.56, 7131.47
61489500fc13ae6e0e019585, Cammy O'Duane, Actor, Corto Animación, 9139.48, 8910.57
61489500fc13ae6e0e019586, Ailbert Flanaghan, Maquillador, Documental, 2551.93, 2893.27
61489500fc13ae6e0e019587, Shel Applebee, Asistentes, Documental, 5296.49, 4425.05
61489500fc13ae6e0e019588, Karlis Paradis, Especialista CGI, Corto Animación, 7773.65, 6336.95
61489500fc13ae6e0e019589, Phip Jorat, Productor, Documental, 3821.35, 7263.45
61489500fc13ae6e0e01958a, Karine Rollitt, Vestuarista, Documental, 5786.47, 9948.76
61489500fc13ae6e0e01958b, Phelia Allcroft, Especialista CGI, Videojuego, 9329.57, 6474.12
61489500fc13ae6e0e01958c, Janessa Harflete, Maquillador, Documental, 9227.8, 1150.11
61489500fc13ae6e0e01958d, Cordelie Varney, Actor, Documental, 8514.54, 7380.63
61489500fc13ae6e0e01958e, Rudiger Bellhanger, Asistentes, Pelicula, 1480.33, 9319.94
61489500fc13ae6e0e01958f, Laurens Sheather, Maquillador, Documental, 2586.82, 2561.63
61489500fc13ae6e0e019590, Amalee Malone, Asistentes, Pelicula, 7403.38, 8827.53
61489500fc13ae6e0e019591, Aigneis Ellerington, Vestuarista, Corto Animación, 8883.56, 4544.46
61489500fc13ae6e0e019592, Northrop Kimble, Actor, Documental, 2362.03, 4675.48
61489500fc13ae6e0e019593, Nanice Oultram, Vestuarista, Corto Animación, 1558.62, 7157.91
61489500fc13ae6e0e019594, Linda Sampson, Maquillador, Documental, 8196.28, 9973.75
61489500fc13ae6e0e019595, Marta Pykerman, Director, Pelicula, 8588.05, 8141.85
61489500fc13ae6e0e019596, Adora Southall, Asistentes, Videojuego, 2131.74, 4769.49
61489500fc13ae6e0e019597, Ilsa Taggerty, Director, Documental, 3675.91, 6362.75
61489500fc13ae6e0e019598, Alie De Mitri, Productor, Corto Animación, 6539.16, 6126.53
61489500fc13ae6e0e019599, Nariko Smullen, Maquillador, Corto Animación, 9589.45, 4617.19
61489500fc13ae6e0e01959a, Bonnee Lowthorpe, Asistentes, Videojuego, 3696.53, 1284.0
61489500fc13ae6e0e01959b, Burr Jarlmann, Maquillador, Pelicula, 2830.72, 7829.81
61489500fc13ae6e0e01959c, Lib Murrigan, Maquillador, Documental, 1174.0, 8647.86
61489500fc13ae6e0e01959d, Kanya Duester, Asistentes, Pelicula, 8150.87, 5626.76
61489500fc13ae6e0e01959e, Sinclare Palia, Director, Serie, 8756.12, 8712.94
61489500fc13ae6e0e01959f, Chevy Janny, Director, Pelicula, 4895.59, 1857.24
61489500fc13ae6e0e0195a0, Joice Pahl, Director, Videojuego, 4990.38, 5467.9
61489500fc13ae6e0e0195a1, Wildon Danks, Especialista CGI, Corto Animación, 5724.54, 1386.2
61489500fc13ae6e0e0195a2, Charlene Dowall, Actor, Serie, 6124.99, 8158.66
61489500fc13ae6e0e0195a3, Lynsey Beddow, Productor, Corto Animación, 9798.69, 4001.32
61489500fc13ae6e0e0195a4, Merla Baish, Especialista CGI, Corto Animación, 5657.96, 9844.21
61489500fc13ae6e0e0195a5, Von Healks, Director, Videojuego, 4584.88, 2843.38
61489500fc13ae6e0e0195a6, Shawn Tregea, Director, Corto Animación, 3408.74, 8317.39
61489500fc13ae6e0e0195a7, Corie Threadgold, Asistentes, Pelicula, 2659.8, 4203.65
61489500fc13ae6e0e0195a8, Lambert Sleigh, Asistentes, Corto Animación, 7806.68, 9050.03
61489500fc13ae6e0e0195a9, Pen Soane, Especialista CGI, Serie, 8924.38, 7643.32
61489500fc13ae6e0e0195aa, Edmon Donson, Vestuarista, Videojuego, 2376.15, 6775.35
61489500fc13ae6e0e0195ab, Constantia Jollands, Vestuarista, Serie, 4913.14, 7036.83
61489500fc13ae6e0e0195ac, Sasha Edsall, Asistentes, Corto Animación, 1112.67, 1928.6
61489500fc13ae6e0e0195ad, Bryn Houston, Productor, Corto Animación, 7689.5, 3081.07
61489500fc13ae6e0e0195ae, Maje Varker, Especialista CGI, Videojuego, 8312.59, 6982.94
61489500fc13ae6e0e0195af, Cornell Lithgow, Productor, Serie, 9603.6, 6177.7
61489500fc13ae6e0e0195b0, Barrett Thorp, Maquillador, Serie, 2646.23, 7567.52
61489500fc13ae6e0e0195b1, Caralie Cunrado, Especialista CGI, Serie, 9020.13, 2764.15
61489500fc13ae6e0e0195b2, Jard Peggs, Director, Serie, 6490.11, 1405.15
61489500fc13ae6e0e0195b3, Turner Whoolehan, Especialista CGI, Videojuego, 5523.96, 4569.57
61489500fc13ae6e0e0195b4, Rycca Marshland, Asistentes, Pelicula, 8024.48, 7188.79
61489500fc13ae6e0e0195b5, Loren Mart, Director, Corto Animación, 2128.8, 9534.89
61489500fc13ae6e0e0195b6, Ardeen Walentynowicz, Maquillador, Videojuego, 3441.58, 4776.58
61489500fc13ae6e0e0195b7, June Worsley, Director, Videojuego, 7495.73, 9830.62
61489500fc13ae6e0e0195b8, Silva Willatts, Especialista CGI, Documental, 2779.62, 1449.67
61489500fc13ae6e0e0195b9, Lark Pitrelli, Productor, Corto Animación, 9638.44, 2090.57
61489500fc13ae6e0e0195ba, Wilmer Howen, Productor, Serie, 4128.22, 2416.11
61489500fc13ae6e0e0195bb, Zacharias Bengtson, Vestuarista, Serie, 3278.12, 4026.86
61489500fc13ae6e0e0195bc, Falkner Sorby, Productor, Corto Animación, 3420.86, 9220.88
61489500fc13ae6e0e0195bd, Wilhelmine Pizey, Director, Serie, 7484.54, 8213.67
61489500fc13ae6e0e0195be, Nobe Aleavy, Maquillador, Pelicula, 2005.74, 1211.42
61489500fc13ae6e0e0195bf, Katharine Hockey, Vestuarista, Pelicula, 9147.89, 5702.78
61489500fc13ae6e0e0195c0, Germaine Gosart, Vestuarista, Documental, 5818.25, 9523.63
61489500fc13ae6e0e0195c1, Marjy Canby, Asistentes, Pelicula, 5351.87, 1915.6
61489500fc13ae6e0e0195c2, Tabbie Pashe, Asistentes, Videojuego, 2060.01, 9247.72
61489500fc13ae6e0e0195c3, Ansel Alfwy, Maquillador, Videojuego, 7616.53, 2055.73
61489500fc13ae6e0e0195c4, Carlye Rosie, Maquillador, Corto Animación, 9666.76, 9304.81
61489500fc13ae6e0e0195c5, Sheree Karlmann, Vestuarista, Documental, 6818.61, 2646.12
61489500fc13ae6e0e0195c6, Fredia Pala, Vestuarista, Corto Animación, 4451.12, 1541.68
61489500fc13ae6e0e0195c7, Inger Clubley, Especialista CGI, Documental, 1852.92, 3401.4
61489500fc13ae6e0e0195c8, Foster Atwell, Vestuarista, Serie, 3936.0, 1844.79
61489500fc13ae6e0e0195c9, Ninon Latus, Asistentes, Pelicula, 2293.8, 6687.23
61489500fc13ae6e0e0195ca, Birdie Pulford, Asistentes, Pelicula, 3713.52, 6902.14
61489500fc13ae6e0e0195cb, Sherry Wittey, Especialista CGI, Serie, 2493.0, 8348.58
61489500fc13ae6e0e0195cc, Daisy Stubbert, Vestuarista, Serie, 4574.13, 3293.63
61489500fc13ae6e0e0195cd, Marijn Gronav, Vestuarista, Serie, 9297.16, 5661.47
61489500fc13ae6e0e0195ce, Holt Piddletown, Especialista CGI, Pelicula, 7592.15, 1186.84
61489500fc13ae6e0e0195cf, Odessa Mosdill, Maquillador, Videojuego, 5925.47, 6642.73
61489500fc13ae6e0e0195d0, Obidiah Cawtheray, Vestuarista, Corto Animación, 3309.74, 6551.62
61489500fc13ae6e0e0195d1, Kristine Giacobilio, Vestuarista, Documental, 1079.11, 1475.87
61489500fc13ae6e0e0195d2, Thorsten Druce, Actor, Corto Animación, 3224.77, 4019.1
61489500fc13ae6e0e0195d3, Rosette Pleass, Actor, Pelicula, 8322.28, 7289.57
61489500fc13ae6e0e0195d4, Gerhard Stronghill, Director, Corto Animación, 4733.41, 1127.54
61489500fc13ae6e0e0195d5, August Lithcow, Vestuarista, Corto Animación, 9325.44, 4206.24
61489500fc13ae6e0e0195d6, Drew Anand, Asistentes, Pelicula, 9784.44, 6148.32
61489500fc13ae6e0e0195d7, Muffin Iacovacci, Director, Documental, 5439.87, 8394.16
61489500fc13ae6e0e0195d8, Gertrud Sinnett, Director, Corto Animación, 6091.16, 5803.45
61489500fc13ae6e0e0195d9, Massimiliano Giacoppo, Productor, Pelicula, 6475.59, 2930.46
61489500fc13ae6e0e0195da, Roanna Brosoli, Vestuarista, Documental, 1856.46, 4359.52
61489500fc13ae6e0e0195db, Murdoch Bamsey, Director, Documental, 9526.35, 9261.0
61489500fc13ae6e0e0195dc, Johan Northcote, Vestuarista, Documental, 1633.12, 1827.07
61489500fc13ae6e0e0195dd, Alanah Lyosik, Asistentes, Serie, 2178.23, 9995.61
61489500fc13ae6e0e0195de, Sarita Ends, Maquillador, Videojuego, 8920.54, 1117.3
61489500fc13ae6e0e0195df, Britteny Porkiss, Especialista CGI, Documental, 2431.17, 6626.95
61489500fc13ae6e0e0195e0, Prisca Plinck, Especialista CGI, Corto Animación, 5179.95, 6291.55
61489500fc13ae6e0e0195e1, Spence Sitch, Maquillador, Corto Animación, 5663.46, 6938.66
61489500fc13ae6e0e0195e2, Iolanthe Jecks, Productor, Serie, 6066.95, 1678.39
61489500fc13ae6e0e0195e3, Malory McClean, Especialista CGI, Videojuego, 7827.71, 2114.25
61489500fc13ae6e0e0195e4, Lorry Dun, Actor, Documental, 9590.96, 3005.93
61489500fc13ae6e0e0195e5, Schuyler Kasperski, Director, Pelicula, 3725.08, 5418.25
61489500fc13ae6e0e0195e6, Patti Gorelli, Productor, Serie, 4661.43, 7173.61
61489500fc13ae6e0e0195e7, Miof mela Besset, Vestuarista, Pelicula, 9402.56, 5744.78
61489500fc13ae6e0e0195e8, Emmerich Chalcroft, Productor, Serie, 5186.24, 2763.09
61489500fc13ae6e0e0195e9, Annmaria Nare, Actor, Pelicula, 9001.86, 6782.32
61489500fc13ae6e0e0195ea, Penni Pods, Director, Documental, 1649.59, 8126.79
61489500fc13ae6e0e0195eb, Dodi Gaines, Maquillador, Corto Animación, 5458.07, 9389.36
61489500fc13ae6e0e0195ec, Rosie Pauncefoot, Productor, Corto Animación, 4129.52, 9727.96
61489500fc13ae6e0e0195ed, Claus Gate, Director, Serie, 4110.16, 6137.97
61489500fc13ae6e0e0195ee, Kellie Copcutt, Vestuarista, Serie, 3690.42, 2418.04
61489500fc13ae6e0e0195ef, Fidelio Nazareth, Asistentes, Documental, 1080.3, 4657.42
61489500fc13ae6e0e0195f0, Georg Keaveney, Productor, Pelicula, 7851.61, 4656.3
61489500fc13ae6e0e0195f1, Clarey Triggel, Vestuarista, Documental, 4696.82, 3679.46
61489500fc13ae6e0e0195f2, Nikita Donhardt, Maquillador, Documental, 7843.28, 8815.63
61489500fc13ae6e0e0195f3, Bobby Summerlad, Actor, Pelicula, 7688.65, 8202.99
61489500fc13ae6e0e0195f4, Maxwell Hancill, Productor, Pelicula, 2915.68, 9913.78
61489500fc13ae6e0e0195f5, Allan Wrathall, Director, Corto Animación, 6226.54, 9488.62
61489500fc13ae6e0e0195f6, Ethelin Ingleby, Asistentes, Pelicula, 2129.87, 5981.72
61489500fc13ae6e0e0195f7, Duke Nunes Nabarro, Especialista CGI, Pelicula, 8210.25, 6012.28
61489500fc13ae6e0e0195f8, Juli Purshouse, Asistentes, Pelicula, 9552.91, 7007.25
61489500fc13ae6e0e0195f9, Tobe Carmen, Actor, Corto Animación, 4923.22, 6859.52
61489500fc13ae6e0e0195fa, Genevieve Jerrems, Actor, Documental, 3129.18, 8049.43
61489500fc13ae6e0e0195fb, Catharina Rawlinson, Maquillador, Videojuego, 3831.45, 2441.91
61489500fc13ae6e0e0195fc, Gwenore Karpeev, Vestuarista, Serie, 2113.31, 1993.19
61489500fc13ae6e0e0195fd, Buiron Denley, Vestuarista, Pelicula, 7295.67, 8524.16
61489500fc13ae6e0e0195fe, Milt MacCumeskey, Director, Serie, 6071.74, 3447.53
61489500fc13ae6e0e0195ff, Gwenny Beavors, Actor, Pelicula, 5576.11, 9983.51
61489500fc13ae6e0e019600, Leonerd Liddiatt, Actor, Pelicula, 9705.89, 8356.96
61489501fc13ae6e0e019601, Gunter Jaegar, Especialista CGI, Serie, 8920.93, 4675.74
61489501fc13ae6e0e019602, Cleo Blackledge, Actor, Videojuego, 1700.27, 9260.68
61489501fc13ae6e0e019603, Der Von Brook, Maquillador, Corto Animación, 2627.24, 3478.88
61489501fc13ae6e0e019604, Austina Rubinovitch, Actor, Corto Animación, 2961.62, 2580.68
61489501fc13ae6e0e019605, Elladine Dran, Maquillador, Videojuego, 3888.16, 6813.13
61489501fc13ae6e0e019606, Cobbie Venables, Vestuarista, Pelicula, 2197.38, 9384.08
61489501fc13ae6e0e019607, Wyatan Rate, Actor, Documental, 4457.02, 7459.72
61489501fc13ae6e0e019608, Valentijn Dudney, Asistentes, Pelicula, 5351.88, 6250.89
61489501fc13ae6e0e019609, Pate Skeech, Productor, Videojuego, 8285.08, 8654.92
61489501fc13ae6e0e01960a, Ravi Waulker, Actor, Serie, 2836.46, 2748.11
61489501fc13ae6e0e01960b, Marney Coltherd, Productor, Videojuego, 1290.18, 9876.47
61489501fc13ae6e0e01960c, Reinald Derisley, Actor, Documental, 7792.6, 9111.1
61489501fc13ae6e0e01960d, Jules Eagers, Especialista CGI, Serie, 7519.19, 8841.74
61489501fc13ae6e0e01960e, Welsh Overpool, Actor, Documental, 7538.39, 5601.04
61489501fc13ae6e0e01960f, Kailey Daelman, Actor, Corto Animación, 6349.35, 9443.3
61489501fc13ae6e0e019610, Maximilian Ludron, Productor, Pelicula, 8811.7, 5507.83
61489501fc13ae6e0e019611, Sylvia Chaffen, Maquillador, Videojuego, 3393.37, 9644.83
61489501fc13ae6e0e019612, Di Smallbone, Maquillador, Serie, 4980.65, 3002.39
61489501fc13ae6e0e019613, Wendy Eiler, Maquillador, Videojuego, 8523.27, 2348.58
61489501fc13ae6e0e019614, Alexandros Grigori, Vestuarista, Videojuego, 9924.63, 9044.33
61489501fc13ae6e0e019615, Wolfgang Mazzei, Productor, Videojuego, 3674.77, 4444.25
61489501fc13ae6e0e019616, Lenard Markushkin, Especialista CGI, Serie, 2761.78, 7369.02
61489501fc13ae6e0e019617, Jolyn Colmore, Actor, Documental, 3477.54, 2374.43
61489501fc13ae6e0e019618, Wilbert Stiegar, Maquillador, Videojuego, 8082.32, 7987.3
61489501fc13ae6e0e019619, Melodee Elverstone, Especialista CGI, Corto Animación, 7772.71, 1051.9
61489501fc13ae6e0e01961a, Bret Beames, Actor, Serie, 1676.44, 7240.19
61489501fc13ae6e0e01961b, Melli Rosenvasser, Especialista CGI, Videojuego, 3043.97, 6390.82
61489501fc13ae6e0e01961c, Aliza Sked, Maquillador, Corto Animación, 7487.69, 4292.82
61489501fc13ae6e0e01961d, Brynna Yourell, Director, Pelicula, 1922.02, 8816.08
61489501fc13ae6e0e01961e, Carlin Mochan, Director, Corto Animación, 5166.25, 5789.74
61489501fc13ae6e0e01961f, Lin Ribchester, Vestuarista, Pelicula, 5145.48, 2947.29
61489501fc13ae6e0e019620, Saundra Caldera, Maquillador, Videojuego, 5058.64, 4305.71
61489501fc13ae6e0e019621, Valentijn Birtle, Actor, Documental, 9901.59, 9237.21
61489501fc13ae6e0e019622, Toni Bywater, Maquillador, Pelicula, 5298.92, 5014.18
61489501fc13ae6e0e019623, Sheree Phette, Director, Documental, 4661.02, 3720.84
61489501fc13ae6e0e019624, Lilyan Coote, Productor, Videojuego, 7930.07, 5451.88
61489501fc13ae6e0e019625, Crista Vannikov, Especialista CGI, Documental, 7968.37, 4003.05
61489501fc13ae6e0e019626, Rozelle Coytes, Especialista CGI, Videojuego, 6803.51, 9740.95
61489501fc13ae6e0e019627, Ervin Tubritt, Especialista CGI, Corto Animación, 9491.79, 9771.53
61489501fc13ae6e0e019628, Kore McIleen, Especialista CGI, Videojuego, 2138.31, 6637.5
61489501fc13ae6e0e019629, Darrelle Purvess, Asistentes, Corto Animación, 4875.53, 3851.94
61489501fc13ae6e0e01962a, Yetty Igo, Especialista CGI, Documental, 6051.46, 7797.63
61489501fc13ae6e0e01962b, Conney Rawlinson, Productor, Videojuego, 2551.62, 7769.61
61489501fc13ae6e0e01962c, Sharona Burnett, Especialista CGI, Pelicula, 4102.13, 4520.0
61489501fc13ae6e0e01962d, Jillana Howison, Maquillador, Documental, 1213.6, 7970.81
61489501fc13ae6e0e01962e, Thane Rasp, Productor, Documental, 1759.48, 6911.2
61489501fc13ae6e0e01962f, Adina Huebner, Actor, Pelicula, 2261.58, 1162.98
61489501fc13ae6e0e019630, Ker Oxby, Productor, Pelicula, 2106.0, 6488.74
61489501fc13ae6e0e019631, Emelen Lomansey, Especialista CGI, Pelicula, 8045.77, 9881.43
61489501fc13ae6e0e019632, Zach Besset, Especialista CGI, Videojuego, 7471.95, 9329.5
61489501fc13ae6e0e019633, Leeland Ambrosio, Actor, Pelicula, 5663.48, 2778.06
61489501fc13ae6e0e019634, Ann Lawles, Vestuarista, Documental, 9156.39, 9816.56
61489501fc13ae6e0e019635, Bing Spanton, Actor, Serie, 6677.1, 2198.49
61489501fc13ae6e0e019636, Rufe Eggleson, Director, Pelicula, 5027.88, 7926.66
61489501fc13ae6e0e019637, Dusty Weekley, Vestuarista, Documental, 3151.96, 3017.9
61489501fc13ae6e0e019638, Niven Hartell, Productor, Corto Animación, 3392.85, 1463.36
61489501fc13ae6e0e019639, Hymie Burgum, Vestuarista, Videojuego, 5352.18, 6931.48
61489501fc13ae6e0e01963a, Deana Sindall, Maquillador, Serie, 3535.48, 4519.72
61489501fc13ae6e0e01963b, Ronda Harbar, Asistentes, Pelicula, 7588.73, 8556.97
61489501fc13ae6e0e01963c, Dugald Chimenti, Maquillador, Documental, 5753.68, 8264.81
61489501fc13ae6e0e01963d, Devlen Abrams, Asistentes, Documental, 3165.01, 5849.77
61489501fc13ae6e0e01963e, Keelia Hellen, Vestuarista, Serie, 1086.53, 5161.7
61489501fc13ae6e0e01963f, Roscoe Giovani, Especialista CGI, Corto Animación, 6543.74, 8725.05
61489501fc13ae6e0e019640, Alleen Jerisch, Especialista CGI, Videojuego, 4591.38, 4482.23
61489501fc13ae6e0e019641, Faith Tindley, Especialista CGI, Videojuego, 1440.27, 2023.66
61489501fc13ae6e0e019642, Hazel Merit, Actor, Documental, 2560.21, 1186.59
61489501fc13ae6e0e019643, Shae Sertin, Maquillador, Serie, 4962.46, 4974.97
61489501fc13ae6e0e019644, Monro Pasterfield, Director, Documental, 6103.33, 6111.01
61489501fc13ae6e0e019645, Mike Staddom, Especialista CGI, Documental, 5266.05, 3622.64
61489501fc13ae6e0e019646, Lib Nalder, Director, Pelicula, 8199.88, 5728.41
61489501fc13ae6e0e019647, Tucky Emmott, Vestuarista, Corto Animación, 5016.04, 1408.36
61489501fc13ae6e0e019648, Dickie Westcar, Productor, Serie, 4032.79, 6898.61
61489501fc13ae6e0e019649, Lovell Esparza, Asistentes, Documental, 8192.99, 7609.8
61489501fc13ae6e0e01964a, Bernadene Stell, Especialista CGI, Pelicula, 4069.63, 7784.33
61489501fc13ae6e0e01964b, Fidole Jamrowicz, Productor, Pelicula, 7616.03, 2959.69
61489501fc13ae6e0e01964c, Cristin Beeswing, Director, Corto Animación, 3745.84, 7814.31
61489501fc13ae6e0e01964d, Arlana Buffin, Asistentes, Pelicula, 6843.97, 7239.16
61489501fc13ae6e0e01964e, Cayla Greenslade, Asistentes, Videojuego, 6752.16, 8788.58
61489501fc13ae6e0e01964f, Colet Serrier, Maquillador, Serie, 9273.99, 4442.28
61489501fc13ae6e0e019650, Courtney Gimbrett, Maquillador, Documental, 7316.32, 9681.24
61489501fc13ae6e0e019651, Moreen Danson, Asistentes, Corto Animación, 9714.46, 1705.77
61489501fc13ae6e0e019652, Cher Vala, Asistentes, Serie, 3254.06, 7128.6
61489501fc13ae6e0e019653, Jodie Heatherington, Director, Corto Animación, 7046.41, 5100.79
61489501fc13ae6e0e019654, Mikkel Swaton, Maquillador, Documental, 9742.29, 7862.08
61489501fc13ae6e0e019655, Edyth Corsan, Productor, Serie, 9993.09, 1639.94
61489501fc13ae6e0e019656, Daveen Eseler, Maquillador, Corto Animación, 1849.08, 7713.08
61489501fc13ae6e0e019657, Lisetta Wilgar, Asistentes, Documental, 1763.73, 2512.05
61489501fc13ae6e0e019658, Leroy Couvet, Asistentes, Serie, 6636.11, 8773.5
61489501fc13ae6e0e019659, Andie O'Hern, Especialista CGI, Videojuego, 5970.45, 5488.48
61489501fc13ae6e0e01965a, Giffy Fernant, Vestuarista, Serie, 4090.32, 5071.24
61489501fc13ae6e0e01965b, Lotty Hutable, Actor, Videojuego, 8837.34, 6789.31
61489501fc13ae6e0e01965c, Harley Northing, Maquillador, Serie, 3060.84, 2224.55
61489501fc13ae6e0e01965d, Kaitlyn Arnfield, Especialista CGI, Documental, 7835.83, 6095.04
61489501fc13ae6e0e01965e, Enoch Farney, Actor, Serie, 2627.25, 7143.58
61489501fc13ae6e0e01965f, Rockie Connechy, Asistentes, Serie, 1557.28, 9226.4
61489501fc13ae6e0e019660, Sybilla Beagley, Productor, Serie, 8822.35, 4560.43
61489501fc13ae6e0e019661, Gasper Hambidge, Asistentes, Documental, 8960.36, 2900.38
61489501fc13ae6e0e019662, Alidia Aitken, Productor, Pelicula, 8047.32, 8853.71
61489501fc13ae6e0e019663, Annelise Bezemer, Actor, Pelicula, 3788.55, 9371.4
61489501fc13ae6e0e019664, Karleen Anthonsen, Actor, Serie, 2737.06, 9989.56
61489501fc13ae6e0e019665, Donelle Ivannikov, Maquillador, Documental, 7860.22, 2240.46
61489501fc13ae6e0e019666, Jeno Ilyinski, Productor, Documental, 6684.07, 5024.09
61489501fc13ae6e0e019667, Guillema Messenbird, Especialista CGI, Serie, 3972.83, 7113.91
61489501fc13ae6e0e019668, Auroora Duthie, Maquillador, Videojuego, 4582.61, 8217.06
61489501fc13ae6e0e019669, Idalia Klimkin, Especialista CGI, Videojuego, 1058.82, 4048.61
61489501fc13ae6e0e01966a, Terri-jo Quan, Director, Serie, 1975.81, 1524.63
61489501fc13ae6e0e01966b, Oralie Egdal, Maquillador, Videojuego, 7390.6, 6430.44
61489501fc13ae6e0e01966c, Rici Motion, Productor, Corto Animación, 6023.19, 6700.89
61489501fc13ae6e0e01966d, Edouard Warrick, Actor, Documental, 4168.16, 8330.58
61489501fc13ae6e0e01966e, Abbie Giraudo, Asistentes, Corto Animación, 6749.31, 4402.15
61489501fc13ae6e0e01966f, Basilius Candlin, Especialista CGI, Serie, 2981.14, 7866.74
61489501fc13ae6e0e019670, Issi Look, Maquillador, Pelicula, 9607.26, 1655.6
61489501fc13ae6e0e019671, Ray Sainsbury, Director, Corto Animación, 9462.47, 4111.56
61489501fc13ae6e0e019672, Shela Giurio, Actor, Documental, 6013.55, 2362.42
61489501fc13ae6e0e019673, Hyacintha Kees, Maquillador, Videojuego, 3868.61, 8514.09
61489501fc13ae6e0e019674, Gray McLugaish, Especialista CGI, Documental, 3930.18, 9272.32
61489501fc13ae6e0e019675, Karon Nana, Vestuarista, Corto Animación, 8162.6, 3040.95
61489501fc13ae6e0e019676, Norbert Millyard, Especialista CGI, Serie, 5233.1, 8768.08
61489501fc13ae6e0e019677, Prudy Joannet, Actor, Videojuego, 9225.96, 3608.51
61489501fc13ae6e0e019678, Loutitia Nyssen, Actor, Pelicula, 1396.15, 9715.5
61489501fc13ae6e0e019679, Sheba Leighton, Asistentes, Videojuego, 2696.0, 5859.99
61489501fc13ae6e0e01967a, Adoree Yokelman, Productor, Videojuego, 5217.2, 3805.28
61489501fc13ae6e0e01967b, Clair Kinnane, Productor, Serie, 8600.53, 2412.82
61489501fc13ae6e0e01967c, Randal Wavell, Productor, Videojuego, 3219.15, 8384.42
61489501fc13ae6e0e01967d, Galen Towey, Asistentes, Videojuego, 3738.36, 5748.7
61489501fc13ae6e0e01967e, Morna Errigo, Director, Videojuego, 7611.9, 5264.94
61489501fc13ae6e0e01967f, Laurence Pietersen, Asistentes, Corto Animación, 9415.76, 7521.61
61489501fc13ae6e0e019680, Nicol Bronger, Director, Videojuego, 4621.18, 6797.33
61489501fc13ae6e0e019681, Terrell Eschalotte, Asistentes, Documental, 3949.31, 9510.56
61489501fc13ae6e0e019682, Goldi Whatmough, Especialista CGI, Serie, 8473.62, 7948.97
61489501fc13ae6e0e019683, Gusella Impett, Asistentes, Videojuego, 8880.54, 2292.59
61489501fc13ae6e0e019684, Vally Chicotti, Actor, Corto Animación, 2527.93, 8492.08
61489501fc13ae6e0e019685, Malchy Garrish, Asistentes, Videojuego, 7730.97, 7199.84
61489501fc13ae6e0e019686, Arabelle Poxson, Especialista CGI, Pelicula, 1239.59, 9403.44
61489501fc13ae6e0e019687, Any Ege, Director, Pelicula, 7449.21, 6644.18
61489501fc13ae6e0e019688, Imojean Baumadier, Vestuarista, Pelicula, 9198.23, 3406.93
61489501fc13ae6e0e019689, Elmore Fildes, Vestuarista, Documental, 1159.52, 1398.68
61489501fc13ae6e0e01968a, Isa Poate, Productor, Pelicula, 2275.67, 2226.3
61489501fc13ae6e0e01968b, Goldarina Zini, Vestuarista, Documental, 8688.24, 8775.99
61489501fc13ae6e0e01968c, Marnia Tumbridge, Actor, Corto Animación, 4671.34, 9827.4
61489501fc13ae6e0e01968d, Brenn Dursley, Actor, Corto Animación, 6614.67, 3816.31
61489501fc13ae6e0e01968e, Ive Furneaux, Especialista CGI, Serie, 6115.57, 8787.25
61489501fc13ae6e0e01968f, Winfield Sculpher, Director, Serie, 3106.21, 7381.14
61489501fc13ae6e0e019690, Kendrick Aleevy, Especialista CGI, Documental, 1219.33, 7993.47
61489501fc13ae6e0e019691, Xylia Mcwhinney, Vestuarista, Documental, 3490.25, 8638.5
61489501fc13ae6e0e019692, Alanah Honig, Productor, Documental, 5699.49, 3432.19
61489501fc13ae6e0e019693, Mahalia Pimmocke, Especialista CGI, Documental, 4527.56, 6184.82
61489501fc13ae6e0e019694, Willi O'Lunney, Director, Serie, 7187.73, 9237.68
61489501fc13ae6e0e019695, Bernarr Yeandel, Especialista CGI, Corto Animación, 7444.34, 6960.58
61489501fc13ae6e0e019696, Gordy Sultan, Director, Videojuego, 7863.31, 5475.23
61489501fc13ae6e0e019697, Moselle Glasson, Actor, Corto Animación, 9159.03, 8587.83
61489501fc13ae6e0e019698, Dede Seymer, Vestuarista, Documental, 7982.15, 3986.92
61489501fc13ae6e0e019699, Gussi Guille, Vestuarista, Serie, 6702.0, 4333.64
61489501fc13ae6e0e01969a, Lynnette Schubuser, Maquillador, Serie, 2786.67, 8207.82
61489501fc13ae6e0e01969b, Tiphanie Guilfoyle, Actor, Documental, 4194.15, 7472.41
61489501fc13ae6e0e01969c, Mandy Hadenton, Actor, Pelicula, 3265.51, 3150.52
61489501fc13ae6e0e01969d, Teodor Shireff, Maquillador, Corto Animación, 9286.08, 3058.38
61489501fc13ae6e0e01969e, Curcio Fossey, Actor, Videojuego, 1032.56, 7290.45
61489501fc13ae6e0e01969f, Maxie Bore, Especialista CGI, Documental, 4590.02, 2004.78
61489501fc13ae6e0e0196a0, Baily Lilliman, Director, Pelicula, 8717.79, 3829.87
61489501fc13ae6e0e0196a1, Rickie Self, Vestuarista, Documental, 5337.4, 1868.39
61489501fc13ae6e0e0196a2, Cecilio McTurlough, Vestuarista, Pelicula, 2447.24, 7517.54
61489501fc13ae6e0e0196a3, Richmond Boustead, Maquillador, Videojuego, 9123.07, 1053.34
61489501fc13ae6e0e0196a4, Lezley Billing, Actor, Documental, 9813.05, 9232.83
61489501fc13ae6e0e0196a5, Wilbur Waiting, Asistentes, Corto Animación, 9227.02, 5533.89
61489501fc13ae6e0e0196a6, Lydie Lebbern, Vestuarista, Pelicula, 5508.4, 1998.85
61489501fc13ae6e0e0196a7, Donavon Buchan, Director, Pelicula, 4881.71, 5974.35
61489501fc13ae6e0e0196a8, Lizbeth Scardefield, Maquillador, Videojuego, 5234.28, 2229.69
61489501fc13ae6e0e0196a9, Amalee Leicester, Especialista CGI, Serie, 8172.02, 1410.86
61489501fc13ae6e0e0196aa, Taite Keattch, Asistentes, Corto Animación, 2163.34, 6434.74
61489501fc13ae6e0e0196ab, Arline Tapson, Asistentes, Pelicula, 6479.19, 1084.16
61489501fc13ae6e0e0196ac, Gearalt Burniston, Productor, Documental, 4106.37, 9341.41
61489501fc13ae6e0e0196ad, Aile Witnall, Asistentes, Serie, 9082.25, 9935.73
61489501fc13ae6e0e0196ae, Reeba Friend, Director, Videojuego, 3200.71, 1959.87
61489501fc13ae6e0e0196af, Glenna Cubbini, Actor, Corto Animación, 7368.71, 3919.76
61489501fc13ae6e0e0196b0, Gannie Brickham, Productor, Serie, 7469.75, 1440.99
61489501fc13ae6e0e0196b1, Sawyere Habron, Productor, Serie, 5276.95, 9616.21
61489501fc13ae6e0e0196b2, Terrell Welldrake, Asistentes, Videojuego, 8897.42, 5380.18
61489501fc13ae6e0e0196b3, Ruthi Merle, Actor, Serie, 7025.7, 4819.33
61489501fc13ae6e0e0196b4, Pate Wenderott, Maquillador, Serie, 2878.63, 2881.16
61489501fc13ae6e0e0196b5, Britni Lipscombe, Maquillador, Corto Animación, 4702.23, 1896.21
61489501fc13ae6e0e0196b6, Tiebold Dennant, Actor, Videojuego, 3211.63, 5948.72
61489501fc13ae6e0e0196b7, Petunia Kinworthy, Asistentes, Videojuego, 6004.54, 3458.52
61489501fc13ae6e0e0196b8, Coralie MacIlriach, Productor, Videojuego, 1972.37, 2682.29
61489501fc13ae6e0e0196b9, Flory Cheasman, Asistentes, Documental, 4402.35, 1470.23
61489501fc13ae6e0e0196ba, Arabel Saice, Actor, Corto Animación, 3047.62, 8830.49
61489501fc13ae6e0e0196bb, Rosana Swarbrigg, Actor, Corto Animación, 6675.59, 6548.58
61489501fc13ae6e0e0196bc, Amalie McBryde, Asistentes, Serie, 4678.26, 7188.16
61489501fc13ae6e0e0196bd, Catlee De Blasio, Actor, Pelicula, 6014.8, 9824.2
61489501fc13ae6e0e0196be, Vanessa Hollyar, Actor, Corto Animación, 9898.83, 6446.41
61489501fc13ae6e0e0196bf, Petunia Gazzard, Especialista CGI, Videojuego, 5594.87, 1607.7
61489501fc13ae6e0e0196c0, Edward Brittain, Asistentes, Pelicula, 6200.53, 7783.24
61489501fc13ae6e0e0196c1, Willamina Romanini, Productor, Videojuego, 2075.35, 2995.2
61489501fc13ae6e0e0196c2, Maressa Pott, Maquillador, Serie, 1127.71, 1861.04
61489501fc13ae6e0e0196c3, Ottilie Heamus, Especialista CGI, Corto Animación, 7645.82, 4376.1
61489501fc13ae6e0e0196c4, Mora Colrein, Director, Corto Animación, 2940.02, 7010.32
61489501fc13ae6e0e0196c5, Wyn Faustian, Vestuarista, Serie, 6887.15, 4049.23
61489501fc13ae6e0e0196c6, Link Possel, Asistentes, Documental, 9816.63, 2243.74
61489501fc13ae6e0e0196c7, Dora Gannon, Director, Corto Animación, 5628.19, 2349.48
61489501fc13ae6e0e0196c8, Tyrone Gambrell, Actor, Documental, 5550.99, 5591.74
61489501fc13ae6e0e0196c9, Bernita Evanson, Vestuarista, Videojuego, 5558.19, 1730.12
61489501fc13ae6e0e0196ca, Enrica Skein, Asistentes, Videojuego, 5192.17, 8356.75
61489501fc13ae6e0e0196cb, Rabbi Kenington, Director, Videojuego, 7843.35, 5338.96
61489501fc13ae6e0e0196cc, Shirline Deyes, Vestuarista, Documental, 7711.43, 4607.5
61489501fc13ae6e0e0196cd, Rosco Purves, Vestuarista, Videojuego, 5527.3, 8961.39
61489501fc13ae6e0e0196ce, Enrica Arthan, Actor, Pelicula, 9330.79, 6152.0
61489501fc13ae6e0e0196cf, Jacklin Woolpert, Productor, Corto Animación, 7888.65, 5226.41
61489501fc13ae6e0e0196d0, Melosa Keel, Productor, Corto Animación, 6790.55, 6406.15
61489501fc13ae6e0e0196d1, Matteo Carthew, Maquillador, Videojuego, 4662.7, 2156.91
61489501fc13ae6e0e0196d2, Chadd Tattersall, Maquillador, Pelicula, 4779.73, 1115.43
61489501fc13ae6e0e0196d3, Isidor Robke, Productor, Documental, 3180.39, 8912.54
61489501fc13ae6e0e0196d4, Rourke Damerell, Asistentes, Documental, 3832.46, 3457.45
61489501fc13ae6e0e0196d5, Hermina Duplock, Especialista CGI, Videojuego, 3105.72, 2212.03
61489501fc13ae6e0e0196d6, Saunder Dewey, Maquillador, Videojuego, 8359.48, 5443.32
61489501fc13ae6e0e0196d7, Dani Gemmill, Maquillador, Serie, 7227.74, 9451.64
61489501fc13ae6e0e0196d8, Bradney Negri, Maquillador, Pelicula, 9683.43, 7213.94
61489501fc13ae6e0e0196d9, Bendick Kurth, Especialista CGI, Documental, 9684.5, 1373.65
61489501fc13ae6e0e0196da, Charmion Jorn, Vestuarista, Corto Animación, 1187.29, 5588.43
61489501fc13ae6e0e0196db, Emerson Bergen, Productor, Pelicula, 7825.74, 2187.92
61489501fc13ae6e0e0196dc, Hayward Gairdner, Actor, Serie, 7858.75, 2149.52
61489501fc13ae6e0e0196dd, Deck Cammomile, Maquillador, Pelicula, 9032.31, 9630.07
61489501fc13ae6e0e0196de, Vasili Lewens, Especialista CGI, Serie, 3624.16, 8881.48
61489501fc13ae6e0e0196df, Madalyn Gilmartin, Asistentes, Pelicula, 7470.19, 8169.18
61489501fc13ae6e0e0196e0, Hubert Tuffell, Productor, Videojuego, 5106.37, 1783.99
61489501fc13ae6e0e0196e1, Jacky Gurnay, Asistentes, Videojuego, 5895.28, 6673.33
61489501fc13ae6e0e0196e2, Errol Turnbull, Asistentes, Documental, 5580.68, 1451.03
61489501fc13ae6e0e0196e3, Leeann Mustin, Especialista CGI, Documental, 4143.45, 3204.35
61489501fc13ae6e0e0196e4, Carol Brockley, Especialista CGI, Documental, 2131.15, 3210.68
61489501fc13ae6e0e0196e5, Abel Romanet, Actor, Pelicula, 5504.53, 1266.45
61489501fc13ae6e0e0196e6, Karlik Becks, Maquillador, Documental, 8029.01, 4212.68
61489501fc13ae6e0e0196e7, Jacky Donald, Especialista CGI, Documental, 8893.92, 3553.41
61489501fc13ae6e0e0196e8, Shurwood Cammell, Especialista CGI, Corto Animación, 4101.69, 1783.96
61489501fc13ae6e0e0196e9, Lucius Wildish, Actor, Pelicula, 3160.84, 9262.51
61489501fc13ae6e0e0196ea, Desmund Chaster, Maquillador, Documental, 2990.04, 2201.03
61489501fc13ae6e0e0196eb, Maddy Proudlove, Especialista CGI, Pelicula, 8732.93, 4388.78
61489501fc13ae6e0e0196ec, Gerhardt Neaverson, Maquillador, Corto Animación, 9172.96, 8420.8
61489501fc13ae6e0e0196ed, Herold McCarrison, Productor, Serie, 8332.57, 1458.76
61489501fc13ae6e0e0196ee, Conni Meynell, Productor, Corto Animación, 4875.27, 8331.17
61489501fc13ae6e0e0196ef, Tull Thomlinson, Vestuarista, Corto Animación, 3914.74, 7797.71
61489501fc13ae6e0e0196f0, Alika Tregido, Director, Documental, 9775.11, 1789.23
61489501fc13ae6e0e0196f1, Astrix Todeo, Productor, Documental, 2339.58, 6481.26
61489501fc13ae6e0e0196f2, Cheri Shimwell, Productor, Corto Animación, 7778.31, 5966.56
61489501fc13ae6e0e0196f3, Berkly Romanetti, Vestuarista, Corto Animación, 6424.15, 6420.61
61489501fc13ae6e0e0196f4, Gray McCutheon, Director, Documental, 7038.64, 3600.62
61489501fc13ae6e0e0196f5, Millisent Astles, Actor, Pelicula, 9764.55, 5617.93
61489501fc13ae6e0e0196f6, Jed Ping, Asistentes, Videojuego, 8499.25, 8062.26
61489501fc13ae6e0e0196f7, Adrea Sherebrooke, Especialista CGI, Videojuego, 7349.4, 8687.22
61489501fc13ae6e0e0196f8, Jeanine Potticary, Maquillador, Pelicula, 7205.09, 2431.59
61489501fc13ae6e0e0196f9, Carin Simeonov, Maquillador, Documental, 5058.97, 9472.12
61489501fc13ae6e0e0196fa, Walton Nancekivell, Especialista CGI, Videojuego, 7864.29, 6157.91
61489501fc13ae6e0e0196fb, Nikki Mulcock, Productor, Documental, 9592.08, 9995.67
61489501fc13ae6e0e0196fc, Karlik Greenley, Director, Documental, 4316.39, 6294.31
61489501fc13ae6e0e0196fd, Rozina Daybell, Maquillador, Videojuego, 5008.16, 3283.55
61489501fc13ae6e0e0196fe, Clint Canter, Productor, Serie, 3852.43, 8945.65
61489501fc13ae6e0e0196ff, Zola Saltsberg, Vestuarista, Documental, 1252.94, 8408.64
61489501fc13ae6e0e019700, Husain Danis, Productor, Videojuego, 9193.49, 9222.63
61489501fc13ae6e0e019701, Ella Mathen, Especialista CGI, Serie, 4836.55, 3455.9
61489501fc13ae6e0e019702, Hubie Bayns, Especialista CGI, Pelicula, 3534.32, 4140.97
61489501fc13ae6e0e019703, Goran Minci, Especialista CGI, Pelicula, 4535.27, 4354.06
61489501fc13ae6e0e019704, Maximilian Coke, Productor, Corto Animación, 2859.45, 6399.55
61489501fc13ae6e0e019705, Bird Friar, Maquillador, Documental, 3196.78, 5301.97
61489501fc13ae6e0e019706, Corabel Trotter, Productor, Corto Animación, 6714.53, 7501.29
